price,area,bedrooms,bathrooms,address,region
4.25,75.0,2,2,quận 9,Khu Đông
9.7,75.2,2,2,quận 2,Khu Đông
7.5,80.0,6,5,tân phú,Khu Tây
36.0,217.0,3,4,quận 2,Khu Đông
3.5,81.3,3,2,quận 9,Khu Đông
1.55,61.0,2,2,quận 2,Khu Đông
3.6,65.0,2,2,tân phú,Khu Tây
1.37,102.0,3,2,quận 6,Khu Tây
8.4,73.1,2,2,quận 2,Khu Đông
10.0,129.0,4,3,quận 7,Khu Nam
7.9,68.0,2,2,quận 1,Khu Trung tâm
5.1,48.2,1,1,quận 2,Khu Đông
2.92,68.0,2,1,quận 4,Khu Trung tâm
31.0,78.0,2,2,quận 1,Khu Trung tâm
3.2,69.2,2,2,quận 9,Khu Đông
5.3,74.0,2,2,quận 9,Khu Đông
2.6,52.0,1,1,tân bình,Khu Tây
5.35,76.0,2,2,quận 7,Khu Nam
21.5,77.0,2,2,quận 2,Khu Đông
9.0,58.0,5,6,quận 3,Khu Trung tâm
8.1,88.0,2,2,bình thạnh,Khu Trung tâm
5.3,71.0,2,2,quận 7,Khu Nam
52.0,129.5,4,4,quận 7,Khu Nam
3.5,67.37,2,2,quận 7,Khu Nam
3.51,50.92,1,1,quận 9,Khu Đông
14.0,154.0,3,2,quận 2,Khu Đông
11.1,114.0,3,2,quận 4,Khu Trung tâm
2.03,90.0,3,2,quận 3,Khu Trung tâm
7.3,86.0,2,2,quận 10,Khu Trung tâm
26.0,125.0,3,2,quận 2,Khu Đông
3.28,69.0,2,2,quận 9,Khu Đông
2.9,69.2,2,2,quận 9,Khu Đông
8.9,132.0,4,3,quận 7,Khu Nam
1.51,90.0,3,2,quận 5,Khu Trung tâm
7.1,47.0,2,2,gò vấp,Khu Tây
2.45,50.0,2,3,quận 12,Khu Tây
1.765,75.0,2,2,quận 5,Khu Trung tâm
3.75,68.0,2,2,thủ đức,Khu Đông
15.5,108.0,3,2,bình thạnh,Khu Trung tâm
29.0,220.0,3,4,quận 2,Khu Đông
7.6,79.0,2,2,quận 7,Khu Nam
7.3,100.0,3,2,quận 9,Khu Đông
7.0,52.0,4,4,bình tân,Khu Tây
42.0,191.0,4,3,quận 2,Khu Đông
12.3,85.0,3,3,thủ đức,Khu Đông
2.35,75.0,2,2,quận 5,Khu Trung tâm
18.0,127.0,3,2,quận 2,Khu Đông
14.8,93.0,10,10,gò vấp,Khu Tây
2.585,102.0,3,2,quận 4,Khu Trung tâm
6.8,65.0,2,1,quận 4,Khu Trung tâm
5.3,66.2,2,2,quận 7,Khu Nam
8.9,51.0,1,1,quận 1,Khu Trung tâm
5.9,108.0,2,2,quận 10,Khu Trung tâm
2.35,58.5,2,1,quận 9,Khu Đông
2.35,59.0,2,2,quận 9,Khu Đông
8.5,86.0,2,2,bình thạnh,Khu Trung tâm
7.5,74.2,2,2,quận 2,Khu Đông
3.25,50.0,1,1,quận 9,Khu Đông
5.93,88.0,3,2,quận 7,Khu Nam
9.8,87.0,2,2,quận 10,Khu Trung tâm
3.97,63.0,2,2,nhà bè,Khu Nam
16.0,121.0,3,2,quận 1,Khu Trung tâm
2.75,70.0,2,2,quận 9,Khu Đông
6.5,75.0,3,2,quận 2,Khu Đông
9.0,87.0,2,2,quận 10,Khu Trung tâm
7.9,100.0,2,2,quận 7,Khu Nam
2.02,70.0,2,2,quận 4,Khu Trung tâm
3.39,79.0,2,2,quận 9,Khu Đông
1.645,84.0,2,2,quận 4,Khu Trung tâm
12.5,67.1,3,4,quận 3,Khu Trung tâm
18.0,126.0,4,4,quận 7,Khu Nam
1.689,95.0,3,2,quận 2,Khu Đông
4.15,106.0,3,2,bình thạnh,Khu Trung tâm
35.0,154.0,3,2,quận 2,Khu Đông
10.7,135.0,3,2,quận 7,Khu Nam
18.0,126.0,6,7,quận 7,Khu Nam
11.2,98.5,3,2,quận 2,Khu Đông
16.0,90.48,2,2,quận 11,Khu Tây
1.285,86.0,2,2,quận 6,Khu Tây
45.0,151.0,3,3,quận 2,Khu Đông
18.0,102.0,3,2,quận 2,Khu Đông
4.1,72.6,2,2,quận 9,Khu Đông
25.0,140.0,3,2,quận 2,Khu Đông
3.7,69.19,2,2,quận 7,Khu Nam
25.0,162.0,2,2,quận 2,Khu Đông
43.0,139.0,2,2,quận 1,Khu Trung tâm
4.5,80.0,2,2,bình tân,Khu Tây
11.11,80.0,2,2,bình thạnh,Khu Trung tâm
3.8,66.0,2,2,nhà bè,Khu Nam
2.2,59.1,2,1,quận 9,Khu Đông
15.5,143.0,3,3,quận 2,Khu Đông
2.6,69.0,2,2,quận 9,Khu Đông
12.0,125.0,3,2,phú nhuận,Khu Trung tâm
0.99,50.0,1,1,quận 1,Khu Trung tâm
8.6,48.0,1,1,quận 1,Khu Trung tâm
5.3,74.0,2,2,quận 7,Khu Nam
21.98,96.0,3,2,quận 1,Khu Trung tâm
27.0,155.0,4,3,bình thạnh,Khu Trung tâm
35.0,396.0,6,6,nhà bè,Khu Nam
2.68,69.3,2,2,quận 9,Khu Đông
12.0,120.0,3,2,bình thạnh,Khu Trung tâm
1.93,122.0,3,3,quận 4,Khu Trung tâm
1.77,60.0,2,1,quận 3,Khu Trung tâm
10.8,106.0,3,2,bình thạnh,Khu Trung tâm
2.05,59.0,2,1,quận 9,Khu Đông
3.29,54.0,3,2,phú nhuận,Khu Trung tâm
4.0,70.0,2,2,quận 7,Khu Nam
2.7,47.1,1,1,quận 9,Khu Đông
1.72,67.0,2,2,quận 8,Khu Nam
5.2,93.0,2,2,quận 7,Khu Nam
2.58,59.0,2,2,bình chánh,Khu Tây
13.7,120.0,3,2,bình thạnh,Khu Trung tâm
22.0,71.2,2,2,quận 2,Khu Đông
9.3,74.0,2,2,quận 2,Khu Đông
2.48,59.0,2,1,quận 9,Khu Đông
31.0,123.0,3,2,quận 1,Khu Trung tâm
6.6,79.0,2,2,quận 10,Khu Trung tâm
32.0,84.0,2,2,quận 2,Khu Đông
5.02,72.05,2,2,quận 9,Khu Đông
9.7,117.0,3,2,quận 4,Khu Trung tâm
3.2,54.0,2,1,nhà bè,Khu Nam
8.8,76.8,2,2,quận 2,Khu Đông
69.0,149.0,4,4,quận 1,Khu Trung tâm
12.0,80.0,2,2,quận 1,Khu Trung tâm
19.0,142.0,3,2,quận 2,Khu Đông
14.9,108.0,3,2,quận 10,Khu Trung tâm
8.5,80.0,2,2,bình thạnh,Khu Trung tâm
1.459,73.0,2,1,quận 5,Khu Trung tâm
6.2,104.03,3,3,nhà bè,Khu Nam
2.4,37.0,1,1,quận 7,Khu Nam
3.7,73.49,2,2,quận 7,Khu Nam
6.9,54.8,1,1,quận 2,Khu Đông
6.02,53.0,1,1,quận 1,Khu Trung tâm
2.85,67.5,2,2,quận 9,Khu Đông
6.7,99.38,3,2,quận 9,Khu Đông
5.8,56.0,1,1,quận 2,Khu Đông
7.5,80.0,2,2,quận 4,Khu Trung tâm
5.68,88.0,3,2,quận 7,Khu Nam
6.67,75.0,4,5,gò vấp,Khu Tây
5.5,75.0,2,2,quận 7,Khu Nam
2.68,69.2,2,2,quận 9,Khu Đông
23.0,104.9,3,2,quận 1,Khu Trung tâm
1.15,95.0,3,2,quận 8,Khu Nam
2.6,67.0,2,2,bình thạnh,Khu Trung tâm
3.8,82.0,2,2,quận 8,Khu Nam
15.0,100.0,3,2,quận 1,Khu Trung tâm
4.4,69.16,2,2,nhà bè,Khu Nam
5.4,95.0,3,2,nhà bè,Khu Nam
14.0,94.0,3,2,quận 1,Khu Trung tâm
6.65,105.0,3,2,nhà bè,Khu Nam
3.1,63.0,1,1,quận 9,Khu Đông
11.0,102.0,2,2,quận 12,Khu Tây
35.0,155.0,3,2,quận 2,Khu Đông
24.8,70.0,2,2,quận 2,Khu Đông
3.699,83.0,2,1,quận 3,Khu Trung tâm
3.3,81.7,3,2,quận 9,Khu Đông
9.0,90.0,2,2,quận 2,Khu Đông
5.2,73.0,2,2,quận 2,Khu Đông
2.95,69.0,2,2,quận 9,Khu Đông
3.78,83.0,3,2,quận 9,Khu Đông
9.11,60.0,4,4,gò vấp,Khu Tây
6.3,57.77,1,1,quận 2,Khu Đông
55.0,205.0,4,3,quận 1,Khu Trung tâm
9.2,60.0,4,4,gò vấp,Khu Tây
6.0,150.0,3,2,quận 8,Khu Nam
2.2,62.0,2,1,bình thạnh,Khu Trung tâm
2.445,74.0,2,2,quận 8,Khu Nam
5.53,60.0,1,1,quận 7,Khu Nam
6.7,52.0,2,1,quận 1,Khu Trung tâm
2.5,62.0,2,2,bình thạnh,Khu Trung tâm
11.2,159.7,3,3,quận 7,Khu Nam
2.0,54.0,2,1,quận 9,Khu Đông
3.6,71.0,2,2,quận 12,Khu Tây
13.5,130.0,3,2,quận 7,Khu Nam
4.25,77.0,3,3,quận 9,Khu Đông
5.2,100.0,3,3,quận 9,Khu Đông
5.4,81.56,3,2,nhà bè,Khu Nam
2.65,65.0,2,1,quận 9,Khu Đông
6.8,83.0,2,2,phú nhuận,Khu Trung tâm
17.0,102.0,3,3,quận 2,Khu Đông
5.39,66.82,2,2,quận 7,Khu Nam
1.985,75.0,2,2,quận 3,Khu Trung tâm
4.65,80.0,2,2,bình tân,Khu Tây
17.5,80.9,2,2,quận 2,Khu Đông
5.3,65.0,2,2,thủ đức,Khu Đông
4.2,69.16,2,2,nhà bè,Khu Nam
1.95,36.0,1,1,quận 9,Khu Đông
3.7,61.0,2,1,bình tân,Khu Tây
3.12,59.0,2,2,quận 9,Khu Đông
4.64,73.52,2,2,quận 9,Khu Đông
10.39,121.0,3,2,quận 1,Khu Trung tâm
2.9,56.5,2,1,quận 9,Khu Đông
5.3,73.0,2,2,quận 10,Khu Trung tâm
7.0,68.9,2,2,quận 2,Khu Đông
8.0,82.0,2,2,quận 4,Khu Trung tâm
12.0,103.4,3,2,quận 2,Khu Đông
1.535,62.0,2,2,quận 5,Khu Trung tâm
12.9,113.0,3,2,quận 2,Khu Đông
2.234,69.0,2,1,quận 2,Khu Đông
3.8,90.0,3,2,quận 8,Khu Nam
5.5,90.0,3,2,thủ đức,Khu Đông
12.9,115.0,3,2,bình thạnh,Khu Trung tâm
1.405,70.0,2,2,bình thạnh,Khu Trung tâm
1.95,46.5,1,1,quận 9,Khu Đông
4.9,69.5,2,2,nhà bè,Khu Nam
2.9,70.0,2,2,quận 9,Khu Đông
6.8,86.0,2,2,quận 10,Khu Trung tâm
1.3,60.0,2,2,bình chánh,Khu Tây
13.5,109.0,2,2,bình thạnh,Khu Trung tâm
6.3,71.0,2,2,quận 7,Khu Nam
6.15,50.0,4,5,quận 8,Khu Nam
3.165,80.0,2,2,bình thạnh,Khu Trung tâm
13.0,95.7,3,2,quận 2,Khu Đông
28.2,154.0,3,2,phú nhuận,Khu Trung tâm
13.5,116.0,3,2,bình thạnh,Khu Trung tâm
3.58,86.0,2,2,quận 6,Khu Tây
5.8,86.0,2,2,quận 10,Khu Trung tâm
13.0,113.0,3,2,quận 2,Khu Đông
3.7,61.0,2,1,quận 4,Khu Trung tâm
5.4,71.86,2,2,quận 9,Khu Đông
11.3,60.0,9,9,bình thạnh,Khu Trung tâm
28.5,81.0,2,2,quận 1,Khu Trung tâm
6.8,54.0,4,4,bình tân,Khu Tây
11.8,117.0,3,2,quận 2,Khu Đông
17.024,128.0,3,3,quận 5,Khu Trung tâm
4.8,69.5,2,2,nhà bè,Khu Nam
12.8,124.0,3,2,quận 2,Khu Đông
5.03,109.0,3,2,quận 8,Khu Nam
8.19,96.98,3,2,quận 9,Khu Đông
2.5,54.0,2,2,quận 12,Khu Tây
7.2,72.6,2,2,quận 2,Khu Đông
3.95,81.5,2,2,tân phú,Khu Tây
5.5,150.0,3,2,quận 8,Khu Nam
3.3,69.0,2,2,quận 9,Khu Đông
13.0,108.0,3,2,bình thạnh,Khu Trung tâm
2.4,70.1,2,2,quận 9,Khu Đông
5.3,83.42,3,2,nhà bè,Khu Nam
2.65,73.0,2,2,quận 8,Khu Nam
3.5,66.0,2,2,quận 7,Khu Nam
4.2,74.15,2,2,quận 9,Khu Đông
3.61,53.0,1,1,tân phú,Khu Tây
26.0,160.0,4,3,bình thạnh,Khu Trung tâm
25.0,127.0,3,2,quận 2,Khu Đông
9.0,76.8,2,2,quận 2,Khu Đông
10.0,98.0,2,2,quận 2,Khu Đông
3.85,33.0,2,2,tân phú,Khu Tây
4.0,81.0,3,2,quận 9,Khu Đông
3.8,80.0,2,2,quận 10,Khu Trung tâm
11.0,138.0,3,3,quận 10,Khu Trung tâm
6.0,65.8,2,2,quận 2,Khu Đông
17.5,75.0,2,2,bình thạnh,Khu Trung tâm
6.85,75.0,2,2,quận 2,Khu Đông
1.505,61.0,2,2,quận 5,Khu Trung tâm
2.9,65.0,2,1,quận 4,Khu Trung tâm
17.5,90.0,2,2,quận 2,Khu Đông
7.25,71.7,2,2,quận 2,Khu Đông
2.5,59.0,2,1,quận 9,Khu Đông
2.7,70.0,3,2,quận 12,Khu Tây
8.1,90.0,3,3,quận 10,Khu Trung tâm
16.9,83.0,2,2,quận 2,Khu Đông
5.0,72.0,2,2,quận 4,Khu Trung tâm
3.4,51.0,1,1,quận 9,Khu Đông
5.7,76.0,2,2,nhà bè,Khu Nam
3.4,81.7,3,2,quận 9,Khu Đông
5.7,74.0,2,2,quận 9,Khu Đông
24.6,69.0,2,2,quận 2,Khu Đông
11.0,93.2,3,2,quận 2,Khu Đông
8.0,86.0,2,2,bình thạnh,Khu Trung tâm
13.7,64.0,1,1,quận 2,Khu Đông
11.0,70.0,2,2,quận 1,Khu Trung tâm
2.5,59.1,2,1,quận 9,Khu Đông
4.8,72.0,2,1,quận 4,Khu Trung tâm
2.065,88.0,2,2,quận 3,Khu Trung tâm
12.0,56.8,3,3,quận 5,Khu Trung tâm
9.0,120.0,3,2,quận 7,Khu Nam
12.0,59.22,1,1,quận 2,Khu Đông
1.07,55.0,2,2,bình chánh,Khu Tây
4.52,74.4,2,2,quận 9,Khu Đông
28.0,154.0,3,3,phú nhuận,Khu Trung tâm
2.9,28.6,1,1,quận 9,Khu Đông
8.22,51.7,1,1,quận 2,Khu Đông
25.5,111.0,10,10,quận 7,Khu Nam
4.5,70.0,2,2,nhà bè,Khu Nam
2.42,59.1,2,1,quận 9,Khu Đông
9.5,123.0,3,2,quận 2,Khu Đông
3.6,82.0,2,2,quận 3,Khu Trung tâm
5.5,92.0,2,2,quận 4,Khu Trung tâm
3.55,81.0,2,2,quận 8,Khu Nam
2.3,59.0,2,1,quận 9,Khu Đông
7.99,83.0,2,2,bình thạnh,Khu Trung tâm
11.5,98.4,3,2,quận 2,Khu Đông
13.0,96.0,2,2,quận 2,Khu Đông
1.847,75.0,2,2,quận 8,Khu Nam
5.3,75.0,2,2,quận 4,Khu Trung tâm
12.0,117.93,2,2,quận 2,Khu Đông
4.48,82.0,2,2,quận 7,Khu Nam
1.85,34.0,1,1,quận 9,Khu Đông
13.0,78.0,9,9,bình thạnh,Khu Trung tâm
7.4,72.0,2,2,quận 2,Khu Đông
28.0,188.0,4,3,bình thạnh,Khu Trung tâm
2.65,69.0,2,2,quận 9,Khu Đông
5.2,70.0,3,2,quận 6,Khu Tây
9.0,73.8,2,2,quận 2,Khu Đông
2.65,50.0,1,1,tân bình,Khu Tây
25.0,220.0,4,3,quận 2,Khu Đông
6.1,55.0,4,4,thủ đức,Khu Đông
7.8,44.0,6,7,quận 3,Khu Trung tâm
3.9,74.0,2,2,quận 9,Khu Đông
9.9,91.0,2,2,quận 2,Khu Đông
1.55,85.0,3,2,quận 8,Khu Nam
4.7,71.0,2,2,quận 10,Khu Trung tâm
1.52,55.0,2,1,quận 5,Khu Trung tâm
3.5,67.0,2,2,quận 7,Khu Nam
14.0,130.0,2,2,quận 2,Khu Đông
15.9,72.0,4,5,quận 7,Khu Nam
4.5,81.5,3,2,quận 9,Khu Đông
2.99,53.0,1,1,quận 7,Khu Nam
41.0,157.0,3,3,quận 2,Khu Đông
4.5,75.0,2,2,nhà bè,Khu Nam
4.55,78.0,2,2,bình chánh,Khu Tây
1.0,43.0,2,1,bình chánh,Khu Tây
9.2,96.0,3,2,quận 2,Khu Đông
20.6,80.0,2,2,quận 2,Khu Đông
37.0,325.9,4,6,quận 2,Khu Đông
11.6,112.0,5,5,tân phú,Khu Tây
2.3,52.0,1,1,quận 8,Khu Nam
2.3,80.0,2,2,quận 4,Khu Trung tâm
24.6,90.0,2,2,quận 1,Khu Trung tâm
2.7,69.4,2,2,quận 9,Khu Đông
2.99,66.0,2,2,quận 8,Khu Nam
4.295,186.0,4,3,bình thạnh,Khu Trung tâm
4.79,72.0,2,2,tân bình,Khu Tây
1.4,27.0,3,3,bình thạnh,Khu Trung tâm
4.4,110.0,2,2,quận 8,Khu Nam
23.0,367.4,7,7,tân phú,Khu Tây
9.0,114.0,2,3,quận 7,Khu Nam
2.5,60.0,2,1,quận 9,Khu Đông
9.8,82.0,2,2,bình thạnh,Khu Trung tâm
23.5,153.0,4,3,bình thạnh,Khu Trung tâm
7.9,75.0,2,2,quận 4,Khu Trung tâm
6.4,86.0,2,2,quận 10,Khu Trung tâm
2.67,86.0,2,2,tân phú,Khu Tây
27.0,100.0,2,2,quận 2,Khu Đông
3.29,51.0,1,1,bình tân,Khu Tây
5.0,83.0,3,2,quận 7,Khu Nam
5.1,70.0,2,2,quận 6,Khu Tây
13.6,120.0,3,2,quận 2,Khu Đông
4.9,70.0,2,2,nhà bè,Khu Nam
5.0,78.0,2,2,quận 10,Khu Trung tâm
4.4,70.45,2,2,nhà bè,Khu Nam
4.1,71.67,2,2,quận 9,Khu Đông
3.2,67.8,2,2,quận 9,Khu Đông
4.0,82.0,3,2,quận 9,Khu Đông
8.17,77.1,2,2,quận 2,Khu Đông
7.9,99.0,2,2,quận 7,Khu Nam
4.9,95.0,3,2,nhà bè,Khu Nam
3.5,82.4,3,2,quận 9,Khu Đông
4.5,73.93,2,2,quận 9,Khu Đông
5.3,67.0,2,2,quận 9,Khu Đông
13.5,28.0,1,1,bình thạnh,Khu Trung tâm
5.69,95.0,3,2,bình chánh,Khu Tây
2.1,51.0,2,1,bình thạnh,Khu Trung tâm
11.3,108.0,3,2,bình thạnh,Khu Trung tâm
9.7,200.0,4,2,bình chánh,Khu Tây
10.3,97.0,2,2,quận 2,Khu Đông
1.88,47.0,2,3,gò vấp,Khu Tây
7.8,70.0,2,2,quận 2,Khu Đông
24.0,175.0,4,4,quận 9,Khu Đông
13.9,107.0,3,2,quận 7,Khu Nam
2.96,59.0,2,1,quận 9,Khu Đông
4.0,81.5,3,2,quận 9,Khu Đông
11.9,116.0,3,2,quận 7,Khu Nam
10.1,50.0,1,1,quận 2,Khu Đông
4.2,75.0,2,2,bình tân,Khu Tây
17.0,143.0,3,3,quận 2,Khu Đông
2.06,46.0,1,1,quận 9,Khu Đông
23.5,71.0,2,2,quận 2,Khu Đông
4.0,69.0,2,2,bình tân,Khu Tây
38.0,129.0,3,2,quận 2,Khu Đông
12.9,79.0,5,6,gò vấp,Khu Tây
3.7,56.0,2,1,nhà bè,Khu Nam
8.48,121.0,3,2,tân phú,Khu Tây
5.5,92.5,2,2,tân phú,Khu Tây
2.85,85.0,2,3,quận 7,Khu Nam
1.36,67.0,2,2,bình thạnh,Khu Trung tâm
15.8,94.0,4,4,tân bình,Khu Tây
5.999,72.0,2,2,quận 2,Khu Đông
1.305,60.5,2,2,quận 10,Khu Trung tâm
33.0,160.68,3,2,quận 2,Khu Đông
4.7,70.96,2,2,nhà bè,Khu Nam
6.73,52.7,1,1,quận 2,Khu Đông
5.3,70.0,2,1,quận 4,Khu Trung tâm
4.35,115.0,2,2,quận 8,Khu Nam
4.4,78.0,2,2,bình chánh,Khu Tây
3.2,69.0,2,2,quận 9,Khu Đông
7.5,94.0,3,2,quận 7,Khu Nam
2.7,60.0,2,2,bình thạnh,Khu Trung tâm
2.48,55.0,2,1,quận 9,Khu Đông
4.7,70.0,2,2,nhà bè,Khu Nam
32.0,193.0,3,3,quận 2,Khu Đông
4.7,115.0,2,2,quận 8,Khu Nam
8.3,80.0,2,2,quận 2,Khu Đông
3.15,47.15,2,3,quận 3,Khu Trung tâm
2.9,59.0,2,2,bình chánh,Khu Tây
1.18,75.0,2,2,quận 8,Khu Nam
6.65,86.0,2,2,quận 10,Khu Trung tâm
3.5,68.0,2,2,tân phú,Khu Tây
15.9,136.0,3,2,bình thạnh,Khu Trung tâm
79.0,240.0,6,7,phú nhuận,Khu Trung tâm
1.705,110.0,3,3,quận 2,Khu Đông
9.2,100.0,3,2,quận 4,Khu Trung tâm
2.35,62.0,2,2,quận 8,Khu Nam
2.47,60.0,2,2,quận 4,Khu Trung tâm
7.6,80.0,2,2,quận 4,Khu Trung tâm
5.56,71.89,2,2,quận 9,Khu Đông
6.9,95.0,2,2,nhà bè,Khu Nam
5.6,48.2,1,1,quận 2,Khu Đông
9.2,90.0,2,2,quận 2,Khu Đông
2.4,89.0,3,3,quận 8,Khu Nam
2.14,101.0,3,2,quận 3,Khu Trung tâm
1.85,80.64,2,2,quận 4,Khu Trung tâm
4.14,78.0,2,2,quận 1,Khu Trung tâm
2.8,67.0,2,2,nhà bè,Khu Nam
1.625,58.0,2,1,quận 3,Khu Trung tâm
19.2,69.0,2,2,quận 2,Khu Đông
8.0,81.0,1,1,quận 2,Khu Đông
8.6,97.43,3,2,quận 9,Khu Đông
1.75,52.0,2,1,quận 8,Khu Nam
1.87,50.0,2,2,bình chánh,Khu Tây
25.0,152.0,3,2,quận 2,Khu Đông
5.3,77.4,2,2,quận 7,Khu Nam
2.65,59.0,2,2,bình chánh,Khu Tây
33.0,151.0,2,2,quận 1,Khu Trung tâm
17.5,150.0,4,3,bình thạnh,Khu Trung tâm
8.5,83.0,3,2,quận 4,Khu Trung tâm
1.88,88.0,2,2,quận 3,Khu Trung tâm
6.5,58.0,2,1,quận 3,Khu Trung tâm
1.86,50.0,2,2,quận 9,Khu Đông
3.15,65.0,2,2,tân bình,Khu Tây
2.6,57.0,1,1,quận 8,Khu Nam
3.5,50.0,1,1,quận 10,Khu Trung tâm
1.69,86.0,2,2,quận 5,Khu Trung tâm
2.8,74.0,2,2,quận 8,Khu Nam
5.0,103.6,3,2,quận 9,Khu Đông
1.524,57.0,2,1,quận 3,Khu Trung tâm
11.7,120.0,6,6,nhà bè,Khu Nam
2.25,62.0,2,2,quận 8,Khu Nam
7.68,270.0,4,4,quận 6,Khu Tây
3.225,85.0,2,2,bình thạnh,Khu Trung tâm
2.5,50.0,2,1,quận 6,Khu Tây
12.0,71.7,2,2,quận 2,Khu Đông
2.28,59.0,2,1,quận 9,Khu Đông
3.555,72.0,2,2,quận 3,Khu Trung tâm
18.8,112.0,4,5,tân phú,Khu Tây
4.95,98.0,3,2,quận 10,Khu Trung tâm
4.5,70.68,2,2,nhà bè,Khu Nam
13.1,116.0,3,2,bình thạnh,Khu Trung tâm
4.3,50.4,4,3,quận 8,Khu Nam
2.79,85.0,2,2,quận 7,Khu Nam
3.9,82.0,3,2,quận 9,Khu Đông
8.5,71.7,2,2,quận 2,Khu Đông
24.6,110.0,3,3,quận 1,Khu Trung tâm
18.0,97.0,2,2,quận 2,Khu Đông
1.584,84.0,2,2,quận 5,Khu Trung tâm
4.9,100.35,3,3,nhà bè,Khu Nam
5.2,70.0,2,2,quận 6,Khu Tây
9.8,94.0,3,2,quận 2,Khu Đông
8.3,76.2,2,2,quận 2,Khu Đông
11.8,136.0,3,3,quận 7,Khu Nam
7.8,75.4,2,2,quận 2,Khu Đông
9.8,55.0,5,4,bình thạnh,Khu Trung tâm
1.65,95.0,2,2,quận 6,Khu Tây
3.3,69.4,2,2,quận 9,Khu Đông
5.5,103.96,3,2,nhà bè,Khu Nam
8.95,101.0,3,2,quận 4,Khu Trung tâm
14.85,112.0,3,2,bình thạnh,Khu Trung tâm
4.65,72.0,2,2,quận 7,Khu Nam
4.6,70.0,2,2,nhà bè,Khu Nam
49.0,160.0,4,2,quận 1,Khu Trung tâm
1.53,70.0,2,2,quận 6,Khu Tây
4.5,71.67,2,2,quận 9,Khu Đông
16.0,80.0,10,10,bình thạnh,Khu Trung tâm
3.0,59.2,2,2,quận 9,Khu Đông
5.9,150.0,3,3,quận 8,Khu Nam
5.869,55.0,1,1,quận 2,Khu Đông
7.5,73.2,2,2,quận 2,Khu Đông
1.64,62.0,2,1,quận 5,Khu Trung tâm
1.1,51.0,2,2,bình chánh,Khu Tây
36.0,127.0,5,6,tân bình,Khu Tây
6.2,65.0,2,1,quận 4,Khu Trung tâm
15.0,85.37,2,2,quận 2,Khu Đông
7.1,68.9,2,2,quận 2,Khu Đông
1.45,64.0,2,2,quận 3,Khu Trung tâm
19.5,104.0,3,2,quận 2,Khu Đông
6.35,64.0,4,2,tân phú,Khu Tây
4.4,71.03,2,2,nhà bè,Khu Nam
9.7,88.0,2,2,quận 2,Khu Đông
12.0,115.0,3,2,quận 7,Khu Nam
6.68,75.0,4,5,gò vấp,Khu Tây
3.18,69.0,2,2,bình chánh,Khu Tây
5.9,86.0,2,2,quận 10,Khu Trung tâm
8.6,135.0,4,2,quận 4,Khu Trung tâm
2.8,67.6,2,2,quận 9,Khu Đông
9.3,85.0,2,2,quận 2,Khu Đông
2.45,55.0,1,1,quận 9,Khu Đông
11.2,101.1,3,2,quận 2,Khu Đông
3.0,69.3,2,2,quận 9,Khu Đông
7.9,43.0,2,2,quận 3,Khu Trung tâm
59.0,137.0,3,2,quận 2,Khu Đông
3.1,68.0,2,2,quận 5,Khu Trung tâm
4.7,93.0,2,2,quận 9,Khu Đông
16.0,95.6,3,2,quận 2,Khu Đông
7.16,86.57,3,2,quận 7,Khu Nam
4.8,65.0,3,2,bình chánh,Khu Tây
5.55,66.0,2,2,quận 7,Khu Nam
55.0,165.0,3,2,quận 1,Khu Trung tâm
1.0,45.0,2,1,bình chánh,Khu Tây
3.3,53.91,1,1,quận 9,Khu Đông
10.9,93.0,3,2,quận 2,Khu Đông
1.25,30.0,1,1,quận 9,Khu Đông
5.38,98.11,3,2,nhà bè,Khu Nam
5.3,67.64,2,2,quận 7,Khu Nam
19.0,142.0,3,3,quận 2,Khu Đông
8.5,80.0,3,2,quận 3,Khu Trung tâm
16.0,105.0,2,2,bình thạnh,Khu Trung tâm
2.55,59.0,2,1,quận 9,Khu Đông
6.7,94.0,3,2,nhà bè,Khu Nam
3.7,60.0,2,1,quận 4,Khu Trung tâm
6.5,49.4,1,1,quận 2,Khu Đông
4.1,81.7,3,1,quận 9,Khu Đông
5.0,92.0,3,2,quận 9,Khu Đông
9.8,75.0,2,2,quận 2,Khu Đông
6.5,99.0,3,2,nhà bè,Khu Nam
3.2,48.7,1,1,quận 9,Khu Đông
6.75,80.0,2,2,quận 4,Khu Trung tâm
10.0,136.0,3,2,quận 6,Khu Tây
5.0,65.0,2,2,nhà bè,Khu Nam
3.5,74.77,2,2,nhà bè,Khu Nam
8.9,82.0,2,2,bình thạnh,Khu Trung tâm
4.2,100.0,3,3,quận 9,Khu Đông
4.15,74.0,2,2,quận 9,Khu Đông
17.5,83.0,2,2,quận 2,Khu Đông
2.455,95.0,3,2,quận 2,Khu Đông
2.65,69.2,2,2,quận 9,Khu Đông
3.6,86.0,3,2,quận 5,Khu Trung tâm
9.9,75.0,2,2,quận 2,Khu Đông
1.95,80.0,2,2,quận 5,Khu Trung tâm
2.4,85.0,3,1,quận 6,Khu Tây
6.0,105.0,3,2,quận 4,Khu Trung tâm
20.0,127.03,3,2,quận 2,Khu Đông
5.5,73.0,2,2,quận 9,Khu Đông
8.3,89.0,2,2,bình thạnh,Khu Trung tâm
1.05,65.0,2,2,quận 6,Khu Tây
2.6,25.0,2,1,gò vấp,Khu Tây
4.7,75.0,2,2,quận 9,Khu Đông
5.3,72.7,2,2,quận 7,Khu Nam
3.5,53.21,1,1,quận 9,Khu Đông
8.0,100.0,2,2,quận 7,Khu Nam
3.8,49.0,1,1,quận 2,Khu Đông
2.95,29.5,1,1,quận 9,Khu Đông
5.6,76.0,2,2,quận 7,Khu Nam
55.0,223.0,5,5,quận 2,Khu Đông
4.8,65.3,2,2,nhà bè,Khu Nam
4.4,74.0,2,2,quận 9,Khu Đông
3.87,154.0,4,3,bình thạnh,Khu Trung tâm
2.6,67.5,2,2,quận 9,Khu Đông
4.3,60.0,1,1,quận 4,Khu Trung tâm
22.0,368.0,5,7,tân phú,Khu Tây
4.55,70.0,2,2,quận 9,Khu Đông
5.7,57.0,2,1,quận 3,Khu Trung tâm
1.05,20.0,1,1,quận 3,Khu Trung tâm
13.9,114.4,3,2,bình thạnh,Khu Trung tâm
7.2,84.0,2,2,quận 4,Khu Trung tâm
3.299,122.0,3,3,quận 4,Khu Trung tâm
5.1,70.6,2,2,quận 9,Khu Đông
12.0,115.0,3,2,bình thạnh,Khu Trung tâm
7.0,47.0,2,2,gò vấp,Khu Tây
2.75,59.0,2,2,quận 9,Khu Đông
5.8,72.0,2,2,quận 10,Khu Trung tâm
2.18,79.0,2,2,quận 9,Khu Đông
12.5,110.0,3,2,bình thạnh,Khu Trung tâm
5.9,60.0,2,1,quận 4,Khu Trung tâm
6.7,97.5,3,2,quận 9,Khu Đông
3.29,54.0,3,3,phú nhuận,Khu Trung tâm
3.0,60.0,2,2,quận 9,Khu Đông
20.0,54.0,1,1,quận 1,Khu Trung tâm
16.8,135.0,3,2,quận 2,Khu Đông
6.2,96.45,3,2,quận 9,Khu Đông
5.49,70.0,2,2,quận 7,Khu Nam
55.9,145.0,3,2,quận 1,Khu Trung tâm
3.0,72.0,2,2,tân bình,Khu Tây
17.5,70.0,2,2,quận 2,Khu Đông
6.0,70.0,2,2,phú nhuận,Khu Trung tâm
3.805,106.0,3,2,bình thạnh,Khu Trung tâm
2.2,47.0,1,1,quận 9,Khu Đông
6.3,46.0,1,1,quận 7,Khu Nam
10.1,95.6,3,2,quận 2,Khu Đông
11.26,121.0,3,2,quận 1,Khu Trung tâm
3.5,67.0,2,2,quận 6,Khu Tây
10.2,86.0,2,2,quận 7,Khu Nam
8.3,96.0,3,2,quận 2,Khu Đông
5.9,95.0,3,2,nhà bè,Khu Nam
3.7,62.0,2,2,quận 4,Khu Trung tâm
1.615,130.0,3,2,quận 5,Khu Trung tâm
6.26,108.0,3,2,quận 9,Khu Đông
7.0,56.5,4,4,bình chánh,Khu Tây
3.08,70.0,3,2,quận 9,Khu Đông
3.95,100.0,3,3,quận 9,Khu Đông
6.0,51.7,1,1,quận 2,Khu Đông
1.1,68.0,2,2,quận 3,Khu Trung tâm
9.5,50.0,1,1,quận 1,Khu Trung tâm
14.5,96.0,3,2,bình thạnh,Khu Trung tâm
10.2,138.0,4,3,quận 10,Khu Trung tâm
3.65,75.0,3,2,quận 7,Khu Nam
3.95,21.0,2,3,tân bình,Khu Tây
8.5,52.0,1,1,quận 2,Khu Đông
3.6,70.0,2,2,quận 9,Khu Đông
5.4,65.96,2,2,quận 7,Khu Nam
10.0,126.0,3,3,bình thạnh,Khu Trung tâm
4.9,68.0,2,2,quận 9,Khu Đông
3.25,55.0,1,1,quận 9,Khu Đông
6.35,55.0,3,3,gò vấp,Khu Tây
5.54,80.0,2,2,quận 9,Khu Đông
2.58,78.5,2,2,quận 4,Khu Trung tâm
1.72,73.0,2,2,quận 8,Khu Nam
0.946,49.0,2,2,quận 10,Khu Trung tâm
1.95,74.0,2,2,quận 8,Khu Nam
24.999,78.0,9,10,quận 3,Khu Trung tâm
5.0,71.0,1,2,nhà bè,Khu Nam
2.3,59.1,2,1,quận 9,Khu Đông
2.0,53.0,2,2,gò vấp,Khu Tây
25.5,100.0,5,7,gò vấp,Khu Tây
7.2,108.0,2,2,quận 10,Khu Trung tâm
2.15,53.0,2,2,gò vấp,Khu Tây
17.0,70.0,6,5,tân phú,Khu Tây
3.9,85.2,2,2,quận 9,Khu Đông
10.5,107.0,3,2,quận 2,Khu Đông
17.9,158.0,4,5,quận 7,Khu Nam
2.66,59.0,2,2,bình chánh,Khu Tây
15.4,90.0,4,4,tân bình,Khu Tây
7.5,99.0,3,2,quận 9,Khu Đông
3.3,125.0,3,2,phú nhuận,Khu Trung tâm
4.8,68.0,2,2,quận 9,Khu Đông
6.0,150.0,3,3,quận 8,Khu Nam
9.5,60.0,4,5,gò vấp,Khu Tây
6.5,92.42,3,2,nhà bè,Khu Nam
2.4,53.0,1,1,thủ đức,Khu Đông
25.0,200.0,1,1,quận 7,Khu Nam
8.2,76.0,2,2,quận 4,Khu Trung tâm
4.0,68.0,3,2,bình tân,Khu Tây
16.0,127.0,3,2,quận 2,Khu Đông
4.6,110.0,3,2,quận 8,Khu Nam
6.9,68.0,2,2,quận 2,Khu Đông
3.65,44.0,1,1,quận 7,Khu Nam
2.0,28.6,1,1,quận 9,Khu Đông
1.65,64.0,1,1,quận 7,Khu Nam
20.0,70.0,2,2,quận 2,Khu Đông
17.0,116.0,3,3,quận 1,Khu Trung tâm
4.3,60.0,1,1,quận 10,Khu Trung tâm
6.4,85.0,2,2,tân phú,Khu Tây
6.5,87.0,2,2,quận 2,Khu Đông
1.98,47.2,1,1,quận 9,Khu Đông
1.54,74.0,2,2,quận 6,Khu Tây
5.5,41.0,1,1,quận 6,Khu Tây
54.0,138.0,3,2,quận 2,Khu Đông
5.3,70.84,2,2,quận 7,Khu Nam
1.705,68.0,2,2,quận 7,Khu Nam
15.8,74.0,5,5,tân bình,Khu Tây
3.6,78.0,2,2,tân phú,Khu Tây
8.4,80.0,2,2,quận 2,Khu Đông
3.6,55.0,1,1,quận 7,Khu Nam
1.9,48.0,2,2,gò vấp,Khu Tây
1.09,48.0,3,2,bình chánh,Khu Tây
10.0,97.45,3,2,quận 9,Khu Đông
6.4,48.0,1,1,bình thạnh,Khu Trung tâm
14.8,77.0,4,5,tân phú,Khu Tây
3.69,61.0,2,1,bình tân,Khu Tây
1.965,108.0,3,2,quận 1,Khu Trung tâm
8.9,51.0,4,5,tân bình,Khu Tây
7.3,60.0,1,1,quận 2,Khu Đông
12.9,98.0,2,2,quận 2,Khu Đông
1.775,75.0,2,2,quận 6,Khu Tây
13.7,107.0,2,2,bình thạnh,Khu Trung tâm
3.2,40.0,1,1,phú nhuận,Khu Trung tâm
30.0,152.0,3,3,quận 2,Khu Đông
4.9,65.0,2,2,quận 2,Khu Đông
3.0,72.0,2,2,bình thạnh,Khu Trung tâm
1.485,85.0,3,2,quận 8,Khu Nam
2.8,58.0,2,2,quận 9,Khu Đông
2.65,74.0,2,2,quận 8,Khu Nam
4.8,79.8,2,2,quận 9,Khu Đông
7.35,69.0,2,2,quận 2,Khu Đông
12.0,88.0,2,2,quận 2,Khu Đông
5.3,70.61,2,2,nhà bè,Khu Nam
9.25,77.1,2,2,quận 2,Khu Đông
7.8,55.06,1,1,quận 2,Khu Đông
1.35,81.2,3,2,bình chánh,Khu Tây
2.45,47.0,2,1,quận 9,Khu Đông
16.5,120.0,4,4,thủ đức,Khu Đông
2.58,58.9,2,2,quận 9,Khu Đông
5.1,83.33,3,2,bình tân,Khu Tây
19.5,71.0,2,2,quận 2,Khu Đông
6.2,73.2,4,3,quận 12,Khu Tây
3.6,48.0,1,1,quận 10,Khu Trung tâm
12.5,123.0,3,2,quận 7,Khu Nam
7.5,55.0,1,1,bình thạnh,Khu Trung tâm
2.2,50.0,1,1,nhà bè,Khu Nam
4.0,82.3,3,2,quận 9,Khu Đông
10.3,74.0,2,2,quận 2,Khu Đông
48.0,154.8,5,5,bình thạnh,Khu Trung tâm
1.4,55.0,2,2,bình chánh,Khu Tây
3.7,82.0,2,2,quận 8,Khu Nam
6.65,88.8,2,2,tân phú,Khu Tây
1.8,75.0,2,1,quận 8,Khu Nam
2.68,63.0,1,1,quận 9,Khu Đông
2.95,98.0,3,3,quận 3,Khu Trung tâm
8.9,96.0,3,2,quận 2,Khu Đông
8.3,85.0,2,2,quận 2,Khu Đông
2.65,47.0,1,1,quận 9,Khu Đông
8.8,77.0,2,2,quận 2,Khu Đông
8.5,88.0,2,2,quận 7,Khu Nam
2.65,52.0,1,1,tân bình,Khu Tây
5.1,118.0,3,2,tân bình,Khu Tây
11.8,79.0,2,2,quận 1,Khu Trung tâm
1.49,95.0,3,2,quận 8,Khu Nam
7.1,65.0,2,2,quận 2,Khu Đông
3.45,70.0,2,2,quận 7,Khu Nam
7.5,90.0,2,2,quận 4,Khu Trung tâm
1.388,80.64,2,2,quận 4,Khu Trung tâm
7.0,51.0,1,1,quận 2,Khu Đông
5.4,58.0,2,1,quận 3,Khu Trung tâm
18.5,107.0,2,2,quận 2,Khu Đông
9.1,65.0,1,1,quận 2,Khu Đông
9.0,75.84,2,2,quận 2,Khu Đông
10.0,106.0,3,3,gò vấp,Khu Tây
7.9,73.0,2,2,quận 2,Khu Đông
1.15,71.0,2,2,quận 5,Khu Trung tâm
5.5,66.0,2,2,quận 7,Khu Nam
4.45,73.0,2,2,quận 9,Khu Đông
6.5,117.0,3,2,quận 4,Khu Trung tâm
17.0,75.0,10,10,bình thạnh,Khu Trung tâm
3.205,72.0,2,2,quận 3,Khu Trung tâm
15.9,102.0,2,2,quận 2,Khu Đông
5.7,68.0,2,2,quận 2,Khu Đông
1.91,48.0,2,2,gò vấp,Khu Tây
10.0,78.0,2,1,quận 1,Khu Trung tâm
4.3,59.6,2,1,quận 7,Khu Nam
3.4,62.0,2,1,quận 2,Khu Đông
15.6,132.0,3,2,quận 2,Khu Đông
7.0,63.5,2,2,quận 2,Khu Đông
7.2,68.9,2,2,quận 2,Khu Đông
4.9,72.0,2,2,quận 10,Khu Trung tâm
5.5,75.0,2,2,quận 4,Khu Trung tâm
3.35,69.2,2,2,quận 9,Khu Đông
5.4,104.0,3,3,quận 9,Khu Đông
6.75,87.0,2,2,quận 2,Khu Đông
28.0,145.0,4,4,quận 1,Khu Trung tâm
1.62,74.0,2,2,quận 5,Khu Trung tâm
2.6,48.0,2,1,nhà bè,Khu Nam
6.0,80.0,2,2,quận 9,Khu Đông
25.5,77.0,2,2,quận 2,Khu Đông
9.8,86.0,2,2,quận 10,Khu Trung tâm
4.2,87.0,2,2,bình thạnh,Khu Trung tâm
7.2,72.0,2,2,quận 2,Khu Đông
10.8,116.0,3,2,bình thạnh,Khu Trung tâm
15.5,189.0,5,4,cần giờ,Khu Nam
4.15,67.0,2,2,quận 9,Khu Đông
32.5,111.0,3,2,quận 2,Khu Đông
11.0,102.0,2,3,quận 12,Khu Tây
7.9,77.0,2,2,quận 2,Khu Đông
3.0,65.0,1,1,quận 9,Khu Đông
1.95,47.0,1,1,quận 9,Khu Đông
2.8,63.0,1,1,quận 9,Khu Đông
9.0,100.0,3,2,quận 4,Khu Trung tâm
43.0,135.0,2,2,quận 1,Khu Trung tâm
4.158,83.0,2,2,bình thạnh,Khu Trung tâm
4.9,105.7,3,2,quận 9,Khu Đông
20.6,58.1,1,1,quận 1,Khu Trung tâm
5.4,68.0,2,2,quận 7,Khu Nam
5.85,147.0,3,3,quận 8,Khu Nam
3.65,78.0,2,2,quận 8,Khu Nam
9.1,84.66,2,2,quận 2,Khu Đông
21.0,80.0,2,2,quận 2,Khu Đông
14.5,70.0,7,7,bình thạnh,Khu Trung tâm
51.0,160.0,6,5,quận 2,Khu Đông
17.5,69.0,2,2,quận 2,Khu Đông
2.2,52.0,1,1,quận 6,Khu Tây
22.3,75.0,1,1,quận 1,Khu Trung tâm
3.65,50.0,1,1,quận 10,Khu Trung tâm
2.1,52.0,2,2,bình thạnh,Khu Trung tâm
11.3,111.0,3,2,bình thạnh,Khu Trung tâm
15.7,86.0,2,2,quận 2,Khu Đông
5.45,84.0,2,2,thủ đức,Khu Đông
5.2,73.91,2,2,quận 9,Khu Đông
2.66,64.0,2,1,bình thạnh,Khu Trung tâm
4.1,75.0,2,2,nhà bè,Khu Nam
6.2,70.0,2,2,quận 2,Khu Đông
40.0,191.0,6,5,tân bình,Khu Tây
7.2,82.0,2,2,bình thạnh,Khu Trung tâm
1.505,110.0,3,3,quận 2,Khu Đông
3.1,47.0,1,1,nhà bè,Khu Nam
2.15,77.0,2,2,quận 3,Khu Trung tâm
3.59,80.0,3,2,thủ đức,Khu Đông
3.0,65.0,2,1,quận 9,Khu Đông
4.5,82.0,2,2,quận 4,Khu Trung tâm
1.335,60.0,2,2,quận 8,Khu Nam
5.4,79.0,2,1,nhà bè,Khu Nam
4.7,69.19,2,2,nhà bè,Khu Nam
1.58,59.0,2,1,quận 9,Khu Đông
7.7,72.8,2,2,quận 2,Khu Đông
8.5,75.4,2,2,quận 2,Khu Đông
5.0,45.0,1,1,quận 2,Khu Đông
3.35,75.0,2,2,bình thạnh,Khu Trung tâm
12.0,50.0,1,1,quận 2,Khu Đông
10.0,93.0,3,2,quận 4,Khu Trung tâm
7.235,50.0,1,1,quận 1,Khu Trung tâm
4.0,72.0,2,2,quận 9,Khu Đông
1.925,80.0,2,2,quận 3,Khu Trung tâm
4.75,78.0,2,2,nhà bè,Khu Nam
6.5,83.0,3,2,quận 4,Khu Trung tâm
3.7,49.0,1,1,quận 4,Khu Trung tâm
1.57,33.8,1,1,quận 9,Khu Đông
6.05,86.0,2,2,quận 10,Khu Trung tâm
7.5,102.0,3,2,quận 7,Khu Nam
4.075,98.0,3,2,bình thạnh,Khu Trung tâm
6.92,96.45,3,2,quận 9,Khu Đông
2.15,42.6,1,1,quận 9,Khu Đông
6.8,100.0,3,2,quận 5,Khu Trung tâm
4.6,92.0,3,2,quận 9,Khu Đông
9.0,70.0,2,2,quận 1,Khu Trung tâm
7.4,74.2,2,2,quận 2,Khu Đông
7.9,79.0,3,2,quận 3,Khu Trung tâm
16.5,121.0,3,2,quận 1,Khu Trung tâm
3.58,81.0,3,2,bình tân,Khu Tây
4.5,60.0,2,2,quận 10,Khu Trung tâm
16.5,50.0,7,5,quận 11,Khu Tây
3.9,74.0,2,2,quận 7,Khu Nam
8.7,75.4,2,2,quận 2,Khu Đông
2.9,58.0,1,1,quận 9,Khu Đông
5.5,40.0,1,1,quận 6,Khu Tây
4.5,71.0,2,2,nhà bè,Khu Nam
8.45,105.0,5,6,bình thạnh,Khu Trung tâm
7.05,48.2,1,1,quận 2,Khu Đông
6.0,54.0,2,2,tân phú,Khu Tây
4.9,102.0,3,2,quận 5,Khu Trung tâm
13.0,100.0,2,2,quận 2,Khu Đông
11.5,80.0,2,2,quận 1,Khu Trung tâm
1.06,65.0,2,2,quận 6,Khu Tây
3.9,74.0,2,1,quận 5,Khu Trung tâm
8.8,71.7,1,1,quận 2,Khu Đông
9.3,57.0,1,1,quận 2,Khu Đông
14.0,108.7,3,2,bình thạnh,Khu Trung tâm
17.0,71.0,2,2,quận 2,Khu Đông
7.8,73.2,2,2,quận 2,Khu Đông
8.6,108.0,3,2,quận 10,Khu Trung tâm
2.3,47.1,1,1,quận 9,Khu Đông
5.5,76.15,2,2,quận 9,Khu Đông
5.5,78.0,2,2,quận 10,Khu Trung tâm
1.46,84.0,2,2,quận 4,Khu Trung tâm
11.0,79.0,2,2,quận 2,Khu Đông
2.65,63.0,2,1,quận 9,Khu Đông
1.93,157.0,4,4,quận 2,Khu Đông
12.799,400.0,10,10,bình thạnh,Khu Trung tâm
10.9,76.5,5,6,tân phú,Khu Tây
2.1,47.1,1,1,quận 9,Khu Đông
5.9,52.0,1,1,bình thạnh,Khu Trung tâm
1.89,10.0,2,2,quận 3,Khu Trung tâm
3.6,79.0,2,2,quận 8,Khu Nam
1.58,71.0,2,2,quận 4,Khu Trung tâm
8.3,51.0,4,5,gò vấp,Khu Tây
15.2,400.0,7,5,quận 2,Khu Đông
5.6,79.0,2,2,quận 10,Khu Trung tâm
5.2,55.0,3,2,quận 9,Khu Đông
8.8,72.6,2,2,quận 2,Khu Đông
2.4,45.0,2,1,bình thạnh,Khu Trung tâm
5.9,80.0,2,2,nhà bè,Khu Nam
1.37,80.0,2,2,quận 6,Khu Tây
3.588,81.0,2,2,quận 4,Khu Trung tâm
1.58,102.0,3,2,quận 2,Khu Đông
1.9,46.7,1,1,quận 9,Khu Đông
8.6,152.0,3,2,quận 7,Khu Nam
5.0,103.0,3,2,quận 9,Khu Đông
5.9,108.0,3,2,quận 9,Khu Đông
5.7,67.0,2,2,quận 9,Khu Đông
16.5,90.0,5,6,quận 7,Khu Nam
7.0,82.0,2,2,quận 7,Khu Nam
2.485,100.0,3,2,quận 9,Khu Đông
3.2,64.0,1,2,quận 9,Khu Đông
5.18,69.0,2,2,quận 1,Khu Trung tâm
11.8,89.0,2,2,quận 2,Khu Đông
2.4,61.5,2,2,quận 9,Khu Đông
5.3,100.0,2,2,quận 10,Khu Trung tâm
1.53,72.0,2,2,quận 3,Khu Trung tâm
4.26,52.0,2,1,quận 7,Khu Nam
2.38,59.1,2,1,quận 9,Khu Đông
3.35,86.0,2,2,quận 8,Khu Nam
2.3,47.0,1,1,quận 9,Khu Đông
5.3,67.0,2,2,quận 7,Khu Nam
1.45,60.0,2,2,bình chánh,Khu Tây
3.7,81.0,3,2,quận 9,Khu Đông
15.0,105.0,2,2,bình thạnh,Khu Trung tâm
3.2,70.0,3,2,quận 9,Khu Đông
2.5,53.0,1,1,quận 7,Khu Nam
8.0,103.0,3,2,quận 10,Khu Trung tâm
4.13,63.0,2,1,quận 7,Khu Nam
12.0,93.2,3,2,quận 2,Khu Đông
3.7,65.0,2,1,quận 4,Khu Trung tâm
3.8,66.0,2,2,quận 7,Khu Nam
4.3,69.42,2,2,nhà bè,Khu Nam
4.7,61.0,1,1,quận 10,Khu Trung tâm
8.0,107.0,3,2,quận 10,Khu Trung tâm
3.05,60.0,2,2,quận 2,Khu Đông
8.5,135.0,4,2,quận 4,Khu Trung tâm
8.3,227.0,3,4,quận 8,Khu Nam
7.0,100.0,3,2,quận 5,Khu Trung tâm
4.45,115.0,2,2,quận 8,Khu Nam
1.69,65.0,2,2,quận 6,Khu Tây
13.0,63.0,4,4,quận 3,Khu Trung tâm
10.5,70.0,2,2,quận 1,Khu Trung tâm
13.6,100.0,5,5,bình tân,Khu Tây
5.76,80.0,2,2,quận 9,Khu Đông
11.0,80.0,2,2,quận 1,Khu Trung tâm
6.2,70.0,2,2,phú nhuận,Khu Trung tâm
2.19,46.7,1,1,quận 9,Khu Đông
4.574,63.4,2,2,quận 9,Khu Đông
4.85,92.0,3,2,quận 9,Khu Đông
4.4,69.15,2,2,nhà bè,Khu Nam
6.87,55.0,1,1,quận 2,Khu Đông
6.25,68.0,2,2,quận 4,Khu Trung tâm
3.75,80.0,2,2,quận 10,Khu Trung tâm
12.0,110.0,3,2,quận 7,Khu Nam
7.5,87.0,2,2,quận 2,Khu Đông
4.65,67.32,2,2,quận 9,Khu Đông
7.25,54.0,3,4,nhà bè,Khu Nam
4.3,112.0,3,2,quận 9,Khu Đông
1.125,59.0,2,2,quận 9,Khu Đông
3.125,85.0,2,2,quận 4,Khu Trung tâm
5.75,100.0,3,2,quận 4,Khu Trung tâm
1.399,61.0,2,2,quận 6,Khu Tây
4.2,51.93,2,1,quận 7,Khu Nam
8.0,46.11,1,1,quận 2,Khu Đông
5.7,108.0,3,2,quận 9,Khu Đông
7.2,72.0,2,2,quận 3,Khu Trung tâm
8.05,74.0,2,2,quận 2,Khu Đông
3.5,94.0,3,2,quận 3,Khu Trung tâm
7.9,74.0,2,2,quận 1,Khu Trung tâm
1.99,32.0,1,2,quận 1,Khu Trung tâm
17.0,128.0,3,2,quận 5,Khu Trung tâm
8.8,86.0,2,2,quận 10,Khu Trung tâm
10.5,74.2,2,2,quận 2,Khu Đông
8.0,80.0,2,2,bình thạnh,Khu Trung tâm
40.0,129.0,3,2,quận 2,Khu Đông
3.1,70.0,2,2,thủ đức,Khu Đông
7.8,94.0,2,2,quận 7,Khu Nam
3.85,97.0,2,2,quận 6,Khu Tây
15.0,84.0,2,2,quận 2,Khu Đông
4.4,69.18,2,2,nhà bè,Khu Nam
5.5,93.0,3,2,nhà bè,Khu Nam
14.8,177.0,4,4,quận 7,Khu Nam
3.0,47.0,1,1,nhà bè,Khu Nam
1.585,102.0,3,2,bình thạnh,Khu Trung tâm
1.605,92.0,2,2,quận 3,Khu Trung tâm
12.75,83.6,2,2,quận 2,Khu Đông
6.4,64.6,2,2,quận 2,Khu Đông
3.59,71.0,2,2,quận 12,Khu Tây
4.0,54.0,1,1,quận 9,Khu Đông
3.25,53.8,1,1,quận 9,Khu Đông
12.9,78.0,5,6,gò vấp,Khu Tây
4.2,69.2,2,2,quận 9,Khu Đông
2.78,59.0,2,2,quận 9,Khu Đông
3.5,75.0,2,2,quận 5,Khu Trung tâm
25.0,184.0,3,2,quận 2,Khu Đông
8.0,70.0,2,2,quận 1,Khu Trung tâm
8.0,97.0,2,2,quận 7,Khu Nam
3.8,57.0,1,1,quận 4,Khu Trung tâm
19.75,135.0,3,2,quận 5,Khu Trung tâm
24.5,160.0,5,6,thủ đức,Khu Đông
45.0,90.0,3,3,quận 1,Khu Trung tâm
4.85,103.6,3,2,quận 9,Khu Đông
24.12,220.0,3,4,quận 2,Khu Đông
5.6,50.0,1,1,quận 1,Khu Trung tâm
23.8,139.0,3,3,quận 2,Khu Đông
4.7,150.0,3,3,quận 8,Khu Nam
1.28,77.0,2,2,quận 2,Khu Đông
9.0,87.0,2,2,bình thạnh,Khu Trung tâm
9.5,60.0,4,4,gò vấp,Khu Tây
23.0,107.0,2,2,quận 2,Khu Đông
14.7,117.0,3,2,quận 2,Khu Đông
2.86,69.2,2,2,quận 9,Khu Đông
3.65,80.0,2,2,quận 5,Khu Trung tâm
10.5,80.0,4,4,quận 12,Khu Tây
3.58,48.7,1,1,quận 9,Khu Đông
8.5,71.0,2,2,quận 2,Khu Đông
2.15,106.6,3,2,quận 3,Khu Trung tâm
2.8,69.0,2,2,quận 9,Khu Đông
4.16,48.7,1,1,quận 9,Khu Đông
2.0,75.0,2,2,quận 1,Khu Trung tâm
3.65,83.0,3,2,quận 9,Khu Đông
2.17,54.0,2,2,bình thạnh,Khu Trung tâm
4.03,72.0,2,2,quận 7,Khu Nam
13.5,50.0,1,1,quận 2,Khu Đông
3.17,69.0,2,2,thủ đức,Khu Đông
3.9,61.0,2,1,bình chánh,Khu Tây
9.5,118.0,3,2,quận 7,Khu Nam
1.82,78.0,2,2,quận 10,Khu Trung tâm
4.3,72.18,2,2,quận 9,Khu Đông
9.2,66.0,6,6,bình thạnh,Khu Trung tâm
35.2,324.0,3,5,quận 2,Khu Đông
7.3,99.37,3,2,quận 9,Khu Đông
21.0,94.0,6,6,tân bình,Khu Tây
1.65,52.0,1,1,quận 3,Khu Trung tâm
2.4,57.0,2,1,quận 7,Khu Nam
2.83,92.0,3,2,quận 4,Khu Trung tâm
23.0,217.0,3,2,quận 2,Khu Đông
2.5,47.0,2,2,quận 9,Khu Đông
13.8,107.0,2,2,bình thạnh,Khu Trung tâm
1.77,54.1,2,1,bình chánh,Khu Tây
1.95,80.0,2,2,quận 6,Khu Tây
12.4,103.0,3,2,quận 10,Khu Trung tâm
6.5,94.79,3,2,quận 7,Khu Nam
1.65,62.0,2,1,quận 6,Khu Tây
27.95,75.0,2,2,quận 1,Khu Trung tâm
3.0,75.0,3,3,quận 9,Khu Đông
23.0,166.0,2,2,quận 1,Khu Trung tâm
8.3,104.0,2,2,quận 10,Khu Trung tâm
4.8,53.0,1,1,quận 10,Khu Trung tâm
4.4,92.0,3,2,quận 9,Khu Đông
6.9,83.0,2,1,phú nhuận,Khu Trung tâm
12.99,171.0,3,4,quận 12,Khu Tây
2.7,53.0,1,1,quận 7,Khu Nam
3.6,68.0,2,2,tân phú,Khu Tây
2.2,55.0,2,2,bình thạnh,Khu Trung tâm
5.82,79.7,2,2,nhà bè,Khu Nam
3.15,53.91,1,1,quận 9,Khu Đông
8.5,89.0,2,2,bình thạnh,Khu Trung tâm
55.0,145.0,3,3,quận 2,Khu Đông
29.0,126.0,3,4,quận 7,Khu Nam
2.8,70.0,2,2,quận 9,Khu Đông
4.6,80.0,2,2,quận 4,Khu Trung tâm
7.7,103.0,3,2,quận 10,Khu Trung tâm
8.2,73.2,2,2,quận 2,Khu Đông
4.85,90.0,2,2,quận 6,Khu Tây
3.0,48.5,1,1,quận 9,Khu Đông
8.4,90.0,2,2,quận 2,Khu Đông
2.8,70.0,2,2,quận 5,Khu Trung tâm
13.5,137.0,3,2,quận 7,Khu Nam
3.5,83.0,2,2,quận 8,Khu Nam
16.6,126.0,3,2,bình thạnh,Khu Trung tâm
1.88,52.0,2,1,bình thạnh,Khu Trung tâm
14.3,105.2,6,6,thủ đức,Khu Đông
13.8,95.7,3,2,quận 2,Khu Đông
3.5,100.0,2,2,quận 5,Khu Trung tâm
9.3,86.0,2,2,quận 5,Khu Trung tâm
3.4,78.0,2,2,quận 8,Khu Nam
3.7,74.81,1,1,quận 9,Khu Đông
2.6,54.0,2,2,quận 12,Khu Tây
10.0,100.0,2,2,quận 2,Khu Đông
24.0,167.0,4,3,quận 2,Khu Đông
13.5,91.0,8,8,tân bình,Khu Tây
3.6,50.0,1,1,quận 10,Khu Trung tâm
1.665,72.0,2,2,bình thạnh,Khu Trung tâm
3.99,72.0,2,2,quận 9,Khu Đông
3.125,86.0,2,2,bình thạnh,Khu Trung tâm
11.0,138.0,3,2,quận 7,Khu Nam
5.45,30.0,3,4,bình thạnh,Khu Trung tâm
1.37,64.0,2,2,quận 9,Khu Đông
4.65,115.0,2,2,quận 8,Khu Nam
11.8,120.0,3,3,quận 2,Khu Đông
6.5,112.0,3,3,quận 9,Khu Đông
8.1,50.0,4,3,bình thạnh,Khu Trung tâm
18.0,80.0,2,2,quận 2,Khu Đông
8.0,73.2,2,2,quận 2,Khu Đông
4.3,67.0,2,2,tân phú,Khu Tây
2.75,72.0,2,2,quận 9,Khu Đông
66.0,250.0,3,3,quận 2,Khu Đông
9.2,96.0,2,2,quận 2,Khu Đông
14.9,101.0,3,2,quận 1,Khu Trung tâm
5.2,81.5,3,2,quận 9,Khu Đông
2.145,100.0,3,2,quận 8,Khu Nam
20.5,127.0,3,2,quận 2,Khu Đông
22.0,92.0,2,2,quận 2,Khu Đông
7.58,46.0,5,4,phú nhuận,Khu Trung tâm
2.8,69.4,2,2,quận 9,Khu Đông
8.5,76.0,4,5,tân phú,Khu Tây
3.5,56.0,2,1,nhà bè,Khu Nam
10.52,87.0,2,2,quận 10,Khu Trung tâm
34.0,89.0,5,4,quận 11,Khu Tây
1.53,75.0,2,2,quận 4,Khu Trung tâm
1.55,95.0,3,2,quận 2,Khu Đông
3.55,91.0,2,2,quận 3,Khu Trung tâm
1.32,40.0,1,1,bình chánh,Khu Tây
5.4,64.3,2,2,quận 7,Khu Nam
2.2,51.7,1,1,quận 9,Khu Đông
4.3,86.0,2,2,quận 5,Khu Trung tâm
2.155,75.0,2,2,quận 3,Khu Trung tâm
10.5,88.0,2,2,quận 2,Khu Đông
6.45,73.0,2,2,quận 10,Khu Trung tâm
3.9,65.0,2,2,quận 12,Khu Tây
10.2,48.0,1,1,quận 1,Khu Trung tâm
2.09,82.0,2,2,quận 5,Khu Trung tâm
3.9,65.0,2,1,quận 12,Khu Tây
10.47,86.9,2,2,quận 10,Khu Trung tâm
8.77,71.7,2,2,quận 2,Khu Đông
8.4,76.2,2,2,quận 2,Khu Đông
13.4,110.0,3,2,quận 2,Khu Đông
1.643,80.0,2,2,quận 5,Khu Trung tâm
1.88,74.0,2,2,quận 8,Khu Nam
3.105,75.0,2,2,quận 3,Khu Trung tâm
13.0,93.2,3,2,quận 2,Khu Đông
4.3,74.0,2,2,bình tân,Khu Tây
5.3,70.0,2,2,quận 7,Khu Nam
3.25,69.0,2,2,quận 9,Khu Đông
1.92,48.0,2,2,gò vấp,Khu Tây
8.5,87.0,2,2,quận 5,Khu Trung tâm
8.9,197.0,6,6,quận 9,Khu Đông
5.15,73.0,2,2,quận 10,Khu Trung tâm
4.7,129.0,3,3,nhà bè,Khu Nam
2.7,50.6,1,1,tân bình,Khu Tây
13.8,117.0,3,2,quận 2,Khu Đông
30.0,157.0,4,2,quận 1,Khu Trung tâm
11.5,88.0,2,2,quận 2,Khu Đông
7.8,96.0,3,2,quận 2,Khu Đông
3.7,110.0,3,2,quận 8,Khu Nam
6.5,151.0,7,7,quận 9,Khu Đông
13.0,147.0,3,2,quận 7,Khu Nam
2.69,72.0,2,2,quận 5,Khu Trung tâm
14.5,80.0,5,5,quận 7,Khu Nam
4.05,68.0,2,2,thủ đức,Khu Đông
55.0,262.0,3,4,quận 9,Khu Đông
6.49,45.0,2,2,tân bình,Khu Tây
2.67,50.0,1,1,quận 7,Khu Nam
32.0,136.0,6,6,gò vấp,Khu Tây
1.95,31.0,1,1,quận 9,Khu Đông
2.9,45.0,2,2,quận 4,Khu Trung tâm
3.91,89.12,3,2,thủ đức,Khu Đông
1.45,108.0,3,2,quận 2,Khu Đông
9.8,71.7,2,2,quận 2,Khu Đông
33.0,118.5,3,2,quận 1,Khu Trung tâm
9.2,139.0,4,2,quận 4,Khu Trung tâm
5.3,75.0,3,3,bình tân,Khu Tây
43.0,205.0,4,4,quận 1,Khu Trung tâm
3.97,78.9,2,2,quận 9,Khu Đông
6.8,84.0,2,2,quận 7,Khu Nam
6.1,86.0,2,2,quận 10,Khu Trung tâm
3.75,73.0,2,2,quận 9,Khu Đông
23.5,148.7,3,3,quận 2,Khu Đông
1.45,70.0,2,2,quận 8,Khu Nam
11.7,88.0,2,2,quận 2,Khu Đông
2.2,59.0,2,1,quận 9,Khu Đông
11.0,148.0,3,3,quận 7,Khu Nam
12.0,90.0,2,2,quận 5,Khu Trung tâm
3.5,86.0,3,2,quận 5,Khu Trung tâm
3.15,98.0,3,2,quận 3,Khu Trung tâm
5.7,71.42,2,2,nhà bè,Khu Nam
27.5,188.0,4,3,bình thạnh,Khu Trung tâm
82.0,303.0,6,6,gò vấp,Khu Tây
10.0,50.0,1,1,quận 2,Khu Đông
4.5,129.0,3,3,nhà bè,Khu Nam
3.0,69.0,3,2,quận 9,Khu Đông
3.9,51.0,1,1,quận 6,Khu Tây
5.5,58.0,2,1,quận 3,Khu Trung tâm
7.2,87.0,3,2,quận 7,Khu Nam
2.05,51.0,2,2,bình thạnh,Khu Trung tâm
1.94,48.0,2,2,gò vấp,Khu Tây
5.5,85.0,2,2,quận 4,Khu Trung tâm
2.865,75.0,2,2,quận 5,Khu Trung tâm
2.621,60.0,2,2,bình chánh,Khu Tây
4.5,69.0,2,2,quận 7,Khu Nam
1.43,79.0,2,2,quận 8,Khu Nam
2.75,70.0,2,1,quận 5,Khu Trung tâm
2.1,59.0,2,2,bình chánh,Khu Tây
4.5,82.3,3,2,quận 9,Khu Đông
3.79,60.0,4,3,phú nhuận,Khu Trung tâm
3.69,66.66,2,2,quận 7,Khu Nam
6.5,78.0,2,2,phú nhuận,Khu Trung tâm
3.75,83.0,3,2,quận 9,Khu Đông
3.5,51.25,1,1,quận 9,Khu Đông
3.0,69.2,2,2,quận 9,Khu Đông
2.7,69.0,2,2,quận 9,Khu Đông
13.0,98.0,2,2,bình thạnh,Khu Trung tâm
7.8,90.0,3,2,quận 10,Khu Trung tâm
6.5,78.0,2,1,phú nhuận,Khu Trung tâm
11.8,120.0,3,2,quận 7,Khu Nam
9.6,118.0,3,2,quận 7,Khu Nam
4.1,84.0,2,2,quận 6,Khu Tây
5.0,61.0,1,1,quận 10,Khu Trung tâm
5.0,73.0,2,2,quận 10,Khu Trung tâm
1.25,20.0,1,1,quận 5,Khu Trung tâm
3.8,71.45,2,2,quận 9,Khu Đông
8.0,100.0,3,2,quận 7,Khu Nam
2.3,50.0,2,2,gò vấp,Khu Tây
10.9,86.0,3,4,tân bình,Khu Tây
10.25,80.3,2,2,quận 2,Khu Đông
5.3,114.6,5,3,bình tân,Khu Tây
2.29,59.2,2,1,quận 9,Khu Đông
3.8,86.0,2,2,quận 6,Khu Tây
8.5,72.31,2,2,quận 9,Khu Đông
12.8,118.0,3,2,quận 2,Khu Đông
2.89,100.0,2,1,quận 5,Khu Trung tâm
1.8,46.5,1,1,quận 9,Khu Đông
2.6,59.0,2,2,bình chánh,Khu Tây
8.2,92.0,2,2,quận 2,Khu Đông
2.88,65.5,2,2,quận 9,Khu Đông
3.5,59.0,2,2,quận 9,Khu Đông
2.6,50.0,1,1,quận 7,Khu Nam
8.5,76.8,2,2,quận 2,Khu Đông
17.3,105.0,3,3,quận 2,Khu Đông
3.31,81.7,3,2,quận 9,Khu Đông
3.7,66.66,2,2,quận 7,Khu Nam
5.1,80.0,2,2,quận 9,Khu Đông
2.59,47.0,1,1,quận 9,Khu Đông
90.0,59.0,2,2,quận 1,Khu Trung tâm
2.5,64.0,2,2,quận 6,Khu Tây
3.05,65.0,2,2,quận 2,Khu Đông
10.5,121.0,3,2,quận 7,Khu Nam
2.55,67.6,2,2,quận 9,Khu Đông
1.98,48.0,2,2,gò vấp,Khu Tây
17.9,215.0,6,4,gò vấp,Khu Tây
25.0,63.12,1,1,quận 1,Khu Trung tâm
18.0,188.0,4,4,cần giờ,Khu Nam
4.85,70.62,2,2,quận 9,Khu Đông
4.623,60.0,1,1,quận 10,Khu Trung tâm
2.35,49.0,1,1,quận 9,Khu Đông
5.4,83.0,3,2,nhà bè,Khu Nam
39.0,175.0,2,2,quận 2,Khu Đông
3.2,59.2,2,2,quận 9,Khu Đông
3.29,141.0,3,2,bình thạnh,Khu Trung tâm
6.8,68.9,2,2,quận 2,Khu Đông
12.9,120.0,3,2,quận 2,Khu Đông
6.0,68.0,2,2,quận 2,Khu Đông
3.7,72.0,2,2,quận 7,Khu Nam
4.2,87.0,3,2,quận 5,Khu Trung tâm
2.05,47.0,1,1,quận 9,Khu Đông
1.34,67.0,2,2,quận 2,Khu Đông
4.28,70.61,2,2,quận 9,Khu Đông
1.57,72.0,2,2,quận 3,Khu Trung tâm
5.75,99.0,1,2,quận 4,Khu Trung tâm
2.45,60.0,2,1,quận 5,Khu Trung tâm
3.0,50.07,1,1,quận 9,Khu Đông
6.0,49.4,1,1,quận 2,Khu Đông
8.05,116.0,3,2,quận 9,Khu Đông
1.29,57.0,2,1,quận 8,Khu Nam
13.0,139.0,4,2,quận 10,Khu Trung tâm
2.25,58.0,2,1,quận 9,Khu Đông
4.25,53.0,2,1,quận 2,Khu Đông
21.0,105.0,3,2,quận 1,Khu Trung tâm
7.5,71.42,2,2,nhà bè,Khu Nam
2.89,54.0,4,4,quận 3,Khu Trung tâm
6.0,52.7,1,1,quận 2,Khu Đông
9.0,96.0,6,6,quận 9,Khu Đông
2.8,50.0,1,1,tân bình,Khu Tây
2.45,60.5,2,1,quận 5,Khu Trung tâm
5.97,79.21,2,2,thủ đức,Khu Đông
8.8,102.0,2,2,quận 2,Khu Đông
3.15,66.7,2,1,quận 8,Khu Nam
18.0,70.57,2,2,quận 2,Khu Đông
5.6,150.0,3,3,quận 8,Khu Nam
4.89,73.88,2,2,quận 9,Khu Đông
11.3,64.0,1,1,quận 2,Khu Đông
2.9,76.0,2,2,quận 6,Khu Tây
12.8,96.4,3,2,quận 2,Khu Đông
6.799,82.0,2,2,quận 7,Khu Nam
17.6,132.0,3,3,quận 5,Khu Trung tâm
3.4,67.0,2,2,quận 9,Khu Đông
4.15,68.0,2,1,quận 7,Khu Nam
2.05,82.0,2,2,quận 4,Khu Trung tâm
5.0,74.68,2,2,quận 9,Khu Đông
1.735,60.0,2,2,quận 3,Khu Trung tâm
6.5,50.68,1,1,quận 2,Khu Đông
1.65,47.0,1,1,quận 9,Khu Đông
12.6,72.0,4,4,tân bình,Khu Tây
2.75,61.0,2,1,bình thạnh,Khu Trung tâm
2.4,51.7,1,1,quận 9,Khu Đông
5.44,80.0,2,2,quận 9,Khu Đông
9.39,103.0,2,2,quận 2,Khu Đông
36.2,324.7,4,6,quận 2,Khu Đông
2.2,60.0,2,2,quận 2,Khu Đông
11.0,90.0,2,2,quận 5,Khu Trung tâm
9.5,110.0,3,2,quận 7,Khu Nam
16.0,140.0,4,5,nhà bè,Khu Nam
6.0,70.0,2,3,phú nhuận,Khu Trung tâm
2.3,61.5,2,2,quận 9,Khu Đông
11.0,100.0,3,2,bình thạnh,Khu Trung tâm
4.2,80.0,3,2,thủ đức,Khu Đông
6.0,100.0,3,2,quận 4,Khu Trung tâm
6.3,110.0,3,2,quận 7,Khu Nam
3.05,69.0,2,2,quận 9,Khu Đông
2.55,63.0,2,1,quận 9,Khu Đông
6.85,81.0,2,2,quận 4,Khu Trung tâm
3.9,59.8,2,1,bình chánh,Khu Tây
8.0,63.8,1,1,quận 2,Khu Đông
3.45,61.0,2,1,thủ đức,Khu Đông
8.7,160.0,4,3,quận 5,Khu Trung tâm
7.0,55.0,1,1,quận 2,Khu Đông
8.15,56.2,5,5,gò vấp,Khu Tây
5.4,67.2,2,2,quận 7,Khu Nam
8.1,95.0,3,2,quận 7,Khu Nam
6.5,95.28,3,2,quận 7,Khu Nam
2.6,53.0,2,1,quận 7,Khu Nam
3.5,68.0,2,2,quận 9,Khu Đông
6.95,108.0,3,2,quận 10,Khu Trung tâm
5.9,78.0,4,5,bình tân,Khu Tây
7.37,75.0,2,2,quận 4,Khu Trung tâm
3.8,56.0,3,1,quận 1,Khu Trung tâm
4.35,54.33,2,1,quận 9,Khu Đông
1.825,168.0,3,3,quận 5,Khu Trung tâm
5.69,81.0,2,2,quận 7,Khu Nam
10.0,106.0,3,2,quận 2,Khu Đông
1.595,60.0,2,1,quận 3,Khu Trung tâm
3.8,65.0,2,2,quận 12,Khu Tây
5.0,78.0,2,2,bình chánh,Khu Tây
5.4,48.2,1,1,quận 2,Khu Đông
5.4,80.0,2,2,thủ đức,Khu Đông
3.1,55.0,2,2,quận 2,Khu Đông
5.0,101.0,3,2,quận 10,Khu Trung tâm
7.5,78.0,2,2,quận 7,Khu Nam
68.0,138.0,3,2,quận 2,Khu Đông
10.2,88.0,2,2,quận 2,Khu Đông
3.92,69.0,2,2,quận 9,Khu Đông
4.65,71.3,2,2,nhà bè,Khu Nam
13.0,94.0,2,2,quận 2,Khu Đông
2.3,67.6,2,2,quận 9,Khu Đông
3.1,69.2,2,2,quận 9,Khu Đông
80.0,292.0,5,4,quận 2,Khu Đông
1.8,30.0,1,1,quận 9,Khu Đông
2.7,69.2,2,2,quận 9,Khu Đông
4.5,69.19,2,2,nhà bè,Khu Nam
4.85,70.0,2,2,nhà bè,Khu Nam
8.4,71.7,2,2,quận 2,Khu Đông
1.86,68.0,2,2,quận 3,Khu Trung tâm
13.5,100.0,3,2,bình thạnh,Khu Trung tâm
2.9,60.0,2,2,quận 9,Khu Đông
10.8,105.6,4,5,nhà bè,Khu Nam
20.0,56.0,1,1,quận 1,Khu Trung tâm
7.8,73.0,2,2,quận 2,Khu Đông
11.9,120.0,7,4,quận 12,Khu Tây
15.0,83.0,2,2,quận 2,Khu Đông
4.8,84.0,3,2,quận 5,Khu Trung tâm
2.7,59.2,2,2,quận 9,Khu Đông
17.3,75.0,2,2,quận 2,Khu Đông
4.5,93.0,3,2,quận 9,Khu Đông
4.4,69.36,2,2,nhà bè,Khu Nam
4.4,69.11,2,2,nhà bè,Khu Nam
2.85,82.0,3,2,quận 9,Khu Đông
13.9,60.0,9,9,bình thạnh,Khu Trung tâm
4.35,69.5,2,2,quận 9,Khu Đông
11.0,100.0,3,2,quận 2,Khu Đông
14.0,115.0,3,2,bình thạnh,Khu Trung tâm
1.19,66.0,3,2,quận 8,Khu Nam
4.0,74.39,2,2,quận 9,Khu Đông
5.6,78.0,1,1,quận 10,Khu Trung tâm
2.1,51.4,1,1,quận 9,Khu Đông
27.5,325.0,3,4,quận 2,Khu Đông
5.0,76.0,3,2,quận 9,Khu Đông
3.7,67.61,2,2,quận 7,Khu Nam
25.5,100.0,5,4,gò vấp,Khu Tây
2.5,58.5,2,1,quận 9,Khu Đông
3.925,87.0,2,2,bình thạnh,Khu Trung tâm
11.0,96.4,3,2,quận 2,Khu Đông
4.3,71.67,2,2,quận 9,Khu Đông
1.95,48.0,2,2,gò vấp,Khu Tây
24.3,160.0,4,4,thủ đức,Khu Đông
2.39,59.0,2,2,bình chánh,Khu Tây
13.5,80.0,1,1,quận 2,Khu Đông
12.45,105.0,3,2,quận 1,Khu Trung tâm
5.5,93.32,3,2,nhà bè,Khu Nam
3.275,74.3,2,2,bình thạnh,Khu Trung tâm
1.25,65.0,2,2,quận 5,Khu Trung tâm
17.3,150.0,4,3,bình thạnh,Khu Trung tâm
7.3,59.0,4,5,bình thạnh,Khu Trung tâm
15.2,110.0,2,2,bình thạnh,Khu Trung tâm
4.4,70.0,2,2,nhà bè,Khu Nam
4.4,69.5,2,2,nhà bè,Khu Nam
8.36,107.0,2,2,quận 10,Khu Trung tâm
0.9,25.0,1,1,bình chánh,Khu Tây
5.2,100.0,2,2,quận 10,Khu Trung tâm
8.6,76.8,2,2,bình thạnh,Khu Trung tâm
5.5,71.0,2,2,quận 7,Khu Nam
3.1,69.0,2,2,quận 9,Khu Đông
2.65,69.3,2,2,quận 9,Khu Đông
4.3,52.33,2,1,quận 7,Khu Nam
2.21,28.6,1,1,quận 9,Khu Đông
11.5,55.0,1,1,quận 2,Khu Đông
4.4,75.0,2,2,quận 9,Khu Đông
8.0,74.2,2,2,quận 2,Khu Đông
13.0,112.0,3,2,quận 2,Khu Đông
9.5,52.6,4,3,thủ đức,Khu Đông
3.95,100.0,2,2,quận 6,Khu Tây
19.7,80.0,2,2,quận 2,Khu Đông
12.0,117.0,3,2,bình thạnh,Khu Trung tâm
29.5,80.75,6,5,quận 10,Khu Trung tâm
33.4,144.0,4,4,quận 1,Khu Trung tâm
7.0,230.0,4,4,quận 8,Khu Nam
3.339,110.0,3,2,bình thạnh,Khu Trung tâm
4.8,51.24,1,1,quận 9,Khu Đông
1.389,60.0,2,1,quận 9,Khu Đông
8.0,75.0,3,3,bình chánh,Khu Tây
4.5,71.0,2,2,quận 7,Khu Nam
5.69,63.0,3,2,gò vấp,Khu Tây
6.8,91.0,2,2,quận 10,Khu Trung tâm
8.34,95.66,3,2,quận 9,Khu Đông
5.0,70.3,2,2,quận 1,Khu Trung tâm
7.8,76.8,2,2,quận 2,Khu Đông
4.0,55.3,2,1,quận 7,Khu Nam
6.49,89.0,3,2,quận 7,Khu Nam
3.5,69.0,2,2,quận 9,Khu Đông
16.5,94.0,2,2,quận 2,Khu Đông
1.68,102.0,3,2,quận 6,Khu Tây
6.75,52.0,3,3,bình thạnh,Khu Trung tâm
3.456,94.0,3,2,bình thạnh,Khu Trung tâm
17.0,100.0,3,2,quận 1,Khu Trung tâm
1.99,72.0,2,2,quận 3,Khu Trung tâm
6.7,89.0,2,2,quận 2,Khu Đông
6.0,74.0,2,2,quận 9,Khu Đông
32.0,120.0,3,3,quận 2,Khu Đông
1.393,122.0,3,3,quận 4,Khu Trung tâm
13.0,119.0,3,2,quận 2,Khu Đông
1.06,60.0,2,2,quận 6,Khu Tây
23.0,150.0,2,2,quận 7,Khu Nam
3.9,62.0,2,2,nhà bè,Khu Nam
8.8,88.0,2,1,quận 2,Khu Đông
1.67,76.0,2,2,quận 3,Khu Trung tâm
5.2,78.0,2,2,thủ đức,Khu Đông
8.8,51.0,1,1,quận 1,Khu Trung tâm
1.78,46.5,1,1,quận 9,Khu Đông
13.5,210.0,3,2,quận 10,Khu Trung tâm
3.25,83.0,2,2,quận 6,Khu Tây
8.7,71.7,2,2,quận 2,Khu Đông
7.6,61.0,4,4,thủ đức,Khu Đông
1.37,30.9,1,1,quận 9,Khu Đông
6.85,90.0,4,3,bình tân,Khu Tây
47.0,202.0,4,4,quận 2,Khu Đông
4.1,90.0,3,2,quận 5,Khu Trung tâm
7.0,72.0,2,2,quận 2,Khu Đông
35.0,88.0,2,2,quận 1,Khu Trung tâm
28.0,120.0,6,6,gò vấp,Khu Tây
10.0,94.0,2,2,quận 2,Khu Đông
11.0,120.0,3,2,quận 2,Khu Đông
8.4,76.8,2,2,quận 2,Khu Đông
11.8,119.0,3,2,quận 2,Khu Đông
3.99,53.0,2,2,thủ đức,Khu Đông
4.1,87.0,3,2,quận 9,Khu Đông
12.5,130.0,3,2,quận 7,Khu Nam
5.2,65.0,2,2,quận 7,Khu Nam
2.9,43.0,1,1,quận 4,Khu Trung tâm
20.0,135.0,3,2,quận 2,Khu Đông
4.15,57.0,2,1,quận 7,Khu Nam
6.64,83.0,2,2,quận 4,Khu Trung tâm
6.6,70.0,2,2,quận 7,Khu Nam
2.85,34.0,1,1,quận 9,Khu Đông
2.9,81.0,2,2,quận 6,Khu Tây
3.57,79.0,2,2,quận 9,Khu Đông
15.9,108.0,3,2,bình thạnh,Khu Trung tâm
12.0,73.8,2,2,quận 2,Khu Đông
5.7,80.0,2,2,nhà bè,Khu Nam
1.5,53.0,2,2,bình chánh,Khu Tây
8.87,102.0,3,2,quận 2,Khu Đông
5.2,70.0,2,2,quận 9,Khu Đông
4.69,67.0,2,2,nhà bè,Khu Nam
69.0,220.0,4,4,quận 7,Khu Nam
10.8,112.0,2,2,quận 2,Khu Đông
3.15,73.0,2,2,quận 9,Khu Đông
2.2,74.0,2,2,quận 8,Khu Nam
7.5,70.2,2,2,bình thạnh,Khu Trung tâm
13.5,100.0,4,6,thủ đức,Khu Đông
2.68,59.0,2,1,quận 9,Khu Đông
5.3,69.6,2,2,quận 7,Khu Nam
6.0,87.0,3,2,quận 11,Khu Tây
7.2,81.5,2,2,quận 4,Khu Trung tâm
2.25,52.0,1,1,nhà bè,Khu Nam
5.9,97.5,3,2,quận 9,Khu Đông
6.3,52.0,1,1,quận 2,Khu Đông
2.65,67.0,2,2,quận 9,Khu Đông
11.0,110.0,3,2,quận 7,Khu Nam
3.09,75.0,3,2,quận 8,Khu Nam
5.3,80.0,2,2,nhà bè,Khu Nam
6.3,70.02,2,2,quận 7,Khu Nam
21.5,60.0,1,1,quận 1,Khu Trung tâm
5.52,77.27,2,2,quận 9,Khu Đông
23.0,142.0,3,2,quận 2,Khu Đông
1.79,117.0,3,2,quận 8,Khu Nam
2.025,55.0,1,1,quận 3,Khu Trung tâm
9.6,72.0,2,2,bình thạnh,Khu Trung tâm
8.4,72.6,2,2,quận 2,Khu Đông
11.0,121.0,3,2,quận 1,Khu Trung tâm
4.9,81.5,3,2,quận 9,Khu Đông
3.9,60.0,2,1,bình chánh,Khu Tây
4.5,70.0,2,2,quận 9,Khu Đông
2.4,89.0,3,3,quận 6,Khu Tây
2.155,54.0,1,1,bình thạnh,Khu Trung tâm
2.65,43.0,1,1,quận 9,Khu Đông
30.0,151.0,3,3,quận 2,Khu Đông
18.0,128.0,3,2,quận 5,Khu Trung tâm
2.75,65.0,2,3,quận 12,Khu Tây
2.46,105.0,3,2,quận 2,Khu Đông
2.7,67.0,2,2,quận 9,Khu Đông
3.85,85.0,2,2,quận 10,Khu Trung tâm
1.47,86.0,2,2,quận 5,Khu Trung tâm
4.15,57.0,2,2,quận 7,Khu Nam
3.7,70.0,2,2,quận 7,Khu Nam
13.0,94.0,3,2,bình thạnh,Khu Trung tâm
6.0,50.0,1,1,quận 1,Khu Trung tâm
2.14,57.0,2,2,thủ đức,Khu Đông
30.0,100.0,8,6,gò vấp,Khu Tây
12.5,117.0,3,2,quận 2,Khu Đông
7.25,74.2,2,2,quận 2,Khu Đông
12.9,95.7,3,2,quận 2,Khu Đông
1.65,71.0,2,2,quận 8,Khu Nam
13.5,141.0,3,2,bình thạnh,Khu Trung tâm
5.2,71.03,2,2,nhà bè,Khu Nam
2.1,65.0,2,2,quận 6,Khu Tây
1.59,50.0,2,1,quận 6,Khu Tây
4.4,71.0,2,2,nhà bè,Khu Nam
1.9,51.7,1,1,quận 9,Khu Đông
11.9,108.7,3,2,bình thạnh,Khu Trung tâm
4.4,115.0,2,2,quận 8,Khu Nam
10.3,98.0,2,2,quận 7,Khu Nam
2.9,63.0,1,1,quận 9,Khu Đông
23.0,142.0,3,3,quận 2,Khu Đông
3.0,86.0,3,2,quận 9,Khu Đông
33.5,104.0,3,2,quận 2,Khu Đông
15.6,86.0,2,2,quận 2,Khu Đông
2.0,50.0,2,1,gò vấp,Khu Tây
3.7,73.0,2,2,quận 7,Khu Nam
12.0,89.0,2,2,quận 2,Khu Đông
5.3,75.3,2,2,quận 7,Khu Nam
1.97,71.0,2,2,quận 4,Khu Trung tâm
11.0,135.0,3,2,bình thạnh,Khu Trung tâm
5.4,65.3,2,2,quận 7,Khu Nam
15.0,100.0,2,2,quận 2,Khu Đông
3.45,54.0,2,1,quận 9,Khu Đông
4.35,48.0,1,1,quận 2,Khu Đông
2.0,50.0,2,2,gò vấp,Khu Tây
8.0,85.0,4,4,quận 9,Khu Đông
2.4,52.0,2,1,nhà bè,Khu Nam
3.56,98.0,2,2,bình thạnh,Khu Trung tâm
5.68,65.0,2,2,quận 7,Khu Nam
10.0,74.0,2,2,quận 3,Khu Trung tâm
2.55,50.0,1,1,quận 7,Khu Nam
16.99,156.0,4,4,thủ đức,Khu Đông
2.3,74.0,2,2,nhà bè,Khu Nam
10.0,60.0,1,1,quận 2,Khu Đông
2.6,59.0,2,1,quận 9,Khu Đông
9.6,88.0,2,2,quận 2,Khu Đông
10.5,92.0,2,2,quận 2,Khu Đông
3.205,126.0,3,2,bình thạnh,Khu Trung tâm
15.0,98.3,3,2,bình thạnh,Khu Trung tâm
3.1,70.0,2,2,quận 9,Khu Đông
18.9,130.0,3,2,bình thạnh,Khu Trung tâm
1.4,55.0,3,2,bình chánh,Khu Tây
23.95,100.0,6,6,gò vấp,Khu Tây
8.7,160.0,3,3,quận 5,Khu Trung tâm
3.58,55.0,2,1,quận 7,Khu Nam
3.52,58.9,2,2,quận 9,Khu Đông
1.75,85.0,2,2,quận 5,Khu Trung tâm
6.8,81.0,7,7,tân bình,Khu Tây
5.5,58.0,1,1,quận 2,Khu Đông
2.85,69.0,2,2,quận 9,Khu Đông
9.7,75.0,3,3,quận 9,Khu Đông
1.285,92.0,3,2,quận 8,Khu Nam
8.2,152.0,3,2,quận 7,Khu Nam
26.0,155.0,4,3,bình thạnh,Khu Trung tâm
5.49,58.0,1,2,quận 3,Khu Trung tâm
15.5,101.0,3,2,quận 1,Khu Trung tâm
3.9,73.0,2,2,quận 9,Khu Đông
2.9,53.68,1,1,quận 7,Khu Nam
3.4,70.0,2,2,nhà bè,Khu Nam
3.8,100.0,3,2,quận 6,Khu Tây
1.35,47.0,1,1,quận 9,Khu Đông
2.75,65.0,2,2,quận 12,Khu Tây
3.95,65.0,2,1,quận 5,Khu Trung tâm
6.7,86.0,2,2,quận 10,Khu Trung tâm
4.0,65.0,2,2,nhà bè,Khu Nam
36.0,120.0,3,2,quận 2,Khu Đông
2.35,59.0,2,1,quận 9,Khu Đông
7.5,50.7,1,1,quận 2,Khu Đông
12.8,95.0,2,2,bình thạnh,Khu Trung tâm
10.2,70.0,2,2,quận 1,Khu Trung tâm
6.27,57.77,1,1,quận 2,Khu Đông
6.7,72.86,2,2,quận 9,Khu Đông
6.2,58.0,2,1,quận 3,Khu Trung tâm
3.6,54.0,1,1,quận 9,Khu Đông
1.77,55.0,1,1,quận 3,Khu Trung tâm
5.2,172.0,3,2,quận 8,Khu Nam
3.05,53.2,1,1,quận 7,Khu Nam
8.7,81.0,2,2,quận 2,Khu Đông
15.45,55.0,1,1,quận 2,Khu Đông
8.3,82.0,2,2,bình thạnh,Khu Trung tâm
7.0,102.0,3,2,quận 10,Khu Trung tâm
10.0,138.0,3,2,quận 7,Khu Nam
17.5,94.0,2,2,quận 2,Khu Đông
17.8,79.0,2,2,quận 1,Khu Trung tâm
2.52,62.0,2,2,quận 6,Khu Tây
7.78,97.0,3,2,quận 9,Khu Đông
4.2,106.0,2,2,quận 8,Khu Nam
1.86,68.0,2,2,quận 8,Khu Nam
2.655,68.0,2,2,bình thạnh,Khu Trung tâm
1.64,72.0,2,2,quận 3,Khu Trung tâm
2.75,69.0,2,2,quận 9,Khu Đông
1.18,79.0,2,2,quận 8,Khu Nam
