price,area,bedrooms,bathrooms,address,price_per_m2
6.1,86.0,2.0,2.0,quận 10,0.07093023255813953
17.5,70.0,2.0,2.0,quận 2,0.25
4.7,150.0,3.0,3.0,quận 8,0.03133333333333333
17.7,128.0,3.0,2.0,quận 5,0.13828125
13.5,100.0,2.0,2.0,quận 2,0.135
5.3,75.0,3.0,3.0,bình tân,0.07066666666666667
4.1,72.6,2.0,2.0,quận 9,0.05647382920110193
28.2,98.0,15.0,15.0,quận 2,0.28775510204081634
20.0,70.0,2.0,2.0,quận 2,0.2857142857142857
3.95,21.0,2.0,3.0,tân bình,0.1880952380952381
3.25,53.8,1.0,1.0,quận 9,0.0604089219330855
36.8,72.0,13.0,14.0,quận 1,0.5111111111111111
2.85,69.3,2.0,2.0,quận 9,0.04112554112554113
9.39,103.0,2.0,2.0,quận 2,0.09116504854368933
55.9,145.0,3.0,2.0,quận 1,0.3855172413793103
3.7,66.0,2.0,2.0,quận 7,0.05606060606060606
24.9,132.0,5.0,5.0,quận 9,0.18863636363636363
5.4,66.2,2.0,2.0,quận 7,0.08157099697885196
5.9,108.0,2.0,2.0,quận 10,0.05462962962962963
2.75,60.0,2.0,1.0,quận 8,0.04583333333333333
4.4,115.0,2.0,2.0,quận 8,0.0382608695652174
4.55,70.0,2.0,2.0,quận 9,0.065
3.6,71.42,2.0,2.0,nhà bè,0.0504060487258471
3.85,33.0,2.0,2.0,tân phú,0.11666666666666667
9.5,123.0,3.0,2.0,quận 2,0.07723577235772358
8.2,76.0,2.0,2.0,quận 4,0.10789473684210525
6.4,57.77,1.0,1.0,quận 2,0.11078414401938723
24.3,160.0,4.0,4.0,thủ đức,0.151875
5.7,80.0,2.0,2.0,nhà bè,0.07125000000000001
39.6,180.0,27.0,28.0,bình thạnh,0.22
2.66,64.0,2.0,1.0,bình thạnh,0.0415625
1.69,1.0,2.0,2.0,quận 3,1.69
5.2,172.0,3.0,2.0,quận 8,0.030232558139534883
6.9,66.0,4.0,4.0,bình tân,0.10454545454545455
5.9,52.0,1.0,1.0,bình thạnh,0.11346153846153847
31.0,210.0,28.0,28.0,quận 9,0.14761904761904762
15.9,102.0,2.0,2.0,quận 2,0.15588235294117647
32.0,136.0,6.0,6.0,gò vấp,0.23529411764705882
5.0,76.0,3.0,2.0,quận 9,0.06578947368421052
2.65,73.0,2.0,2.0,quận 8,0.036301369863013695
3.7,82.0,2.0,2.0,quận 8,0.0451219512195122
23.0,166.0,2.0,2.0,quận 1,0.13855421686746988
3.205,72.0,2.0,2.0,quận 3,0.04451388888888889
4.6,80.0,2.0,2.0,quận 4,0.057499999999999996
1.55,61.0,2.0,2.0,quận 2,0.02540983606557377
7.2,105.0,1.0,2.0,nhà bè,0.06857142857142857
8.9,82.0,2.0,2.0,bình thạnh,0.10853658536585366
12.9,115.0,3.0,2.0,bình thạnh,0.11217391304347826
1.77,91.0,3.0,2.0,quận 8,0.01945054945054945
4.4,70.0,2.0,2.0,nhà bè,0.06285714285714286
10.52,87.0,2.0,2.0,quận 10,0.12091954022988505
5.0,79.0,2.0,2.0,quận 10,0.06329113924050633
9.3,85.0,2.0,2.0,quận 2,0.10941176470588236
5.3,66.57,2.0,2.0,quận 7,0.07961544239146763
13.8,117.0,3.0,2.0,quận 2,0.11794871794871796
11.7,140.0,3.0,0.0,quận 7,0.08357142857142856
1.86,68.0,2.0,2.0,quận 3,0.02735294117647059
7.25,71.7,2.0,2.0,quận 2,0.10111576011157601
5.2,81.5,3.0,2.0,quận 9,0.0638036809815951
5.55,66.0,2.0,2.0,quận 7,0.08409090909090909
1.69,86.0,2.0,2.0,quận 5,0.019651162790697674
2.58,58.9,2.0,2.0,quận 9,0.04380305602716469
2.1,108.0,3.0,3.0,quận 9,0.019444444444444445
169.0,250.0,14.0,16.0,quận 1,0.676
19.75,135.0,3.0,2.0,quận 5,0.14629629629629629
17.6,103.0,4.0,5.0,quận 2,0.17087378640776701
10.2,88.0,2.0,2.0,quận 2,0.1159090909090909
3.9,74.0,2.0,1.0,quận 5,0.0527027027027027
1.705,110.0,3.0,3.0,quận 2,0.0155
9.0,73.8,2.0,2.0,quận 2,0.12195121951219513
27.5,188.0,4.0,3.0,bình thạnh,0.14627659574468085
11.8,120.0,3.0,3.0,quận 2,0.09833333333333334
6.35,64.0,4.0,2.0,tân phú,0.09921875
2.6,59.0,2.0,2.0,quận 9,0.04406779661016949
2.99,53.0,1.0,1.0,quận 7,0.05641509433962265
1.93,122.0,3.0,3.0,quận 4,0.01581967213114754
2.0,75.0,2.0,2.0,quận 1,0.02666666666666667
1.405,70.0,2.0,2.0,bình thạnh,0.020071428571428573
9.9,75.0,2.0,2.0,quận 2,0.132
3.6,50.0,1.0,1.0,quận 10,0.07200000000000001
7.78,97.0,3.0,2.0,quận 9,0.08020618556701031
3.8,71.45,2.0,2.0,quận 9,0.05318404478656403
1.985,75.0,2.0,2.0,quận 3,0.02646666666666667
1.89,50.0,2.0,2.0,bình chánh,0.0378
2.15,53.0,2.0,2.0,gò vấp,0.040566037735849055
9.0,120.0,3.0,2.0,quận 7,0.075
2.5,54.0,2.0,2.0,quận 12,0.046296296296296294
5.3,74.0,2.0,2.0,quận 9,0.07162162162162163
6.2,73.2,4.0,3.0,quận 12,0.08469945355191257
4.4,70.0,2.0,2.0,nhà bè,0.06285714285714286
5.4,67.2,2.0,2.0,quận 7,0.08035714285714286
11.0,121.0,3.0,2.0,quận 1,0.09090909090909091
4.2,69.2,2.0,2.0,quận 9,0.06069364161849711
8.4,73.1,2.0,2.0,quận 2,0.11491108071135432
2.9,43.0,1.0,1.0,quận 4,0.06744186046511627
90.0,59.0,2.0,2.0,quận 1,1.5254237288135593
8.0,110.2,4.0,5.0,bình tân,0.07259528130671507
11.1,114.0,3.0,2.0,quận 4,0.09736842105263158
5.7,57.0,2.0,1.0,quận 3,0.1
13.5,50.0,1.0,1.0,quận 2,0.27
2.6,74.0,2.0,1.0,quận 5,0.03513513513513514
3.8,100.0,3.0,2.0,quận 6,0.038
4.72,72.0,2.0,2.0,tân phú,0.06555555555555555
21.0,90.0,15.0,15.0,quận 3,0.23333333333333334
2.6,59.0,2.0,2.0,bình chánh,0.04406779661016949
4.15,68.0,2.0,1.0,quận 7,0.06102941176470589
3.7,62.0,2.0,2.0,quận 4,0.05967741935483871
2.9,58.0,1.0,1.0,quận 9,0.049999999999999996
17.3,150.0,4.0,3.0,bình thạnh,0.11533333333333334
2.1,47.0,1.0,1.0,quận 9,0.04468085106382979
8.5,89.0,2.0,2.0,bình thạnh,0.09550561797752809
2.9,69.0,2.0,2.0,quận 9,0.042028985507246375
5.4,65.96,2.0,2.0,quận 7,0.08186779866585811
30.0,151.0,3.0,3.0,quận 2,0.1986754966887417
1.43,79.0,2.0,2.0,quận 8,0.01810126582278481
2.0,47.0,1.0,1.0,quận 9,0.0425531914893617
2.8,58.0,2.0,2.0,quận 9,0.04827586206896552
4.5,82.3,3.0,2.0,quận 9,0.054678007290400975
3.5,69.0,2.0,2.0,quận 9,0.050724637681159424
2.1,51.4,1.0,1.0,quận 9,0.04085603112840467
11.5,88.0,10.0,11.0,gò vấp,0.13068181818181818
41.0,700.0,5.0,5.0,quận 2,0.05857142857142857
4.35,93.0,2.0,2.0,quận 9,0.04677419354838709
7.0,55.0,1.0,0.0,quận 2,0.12727272727272726
4.55,78.0,2.0,2.0,bình chánh,0.058333333333333334
2.45,50.0,2.0,2.0,quận 12,0.049
3.8,60.0,2.0,2.0,nhà bè,0.06333333333333332
7.9,77.0,2.0,2.0,quận 2,0.1025974025974026
5.8,56.0,1.0,1.0,quận 2,0.10357142857142856
5.2,73.0,2.0,2.0,quận 2,0.07123287671232877
4.45,115.0,2.0,2.0,quận 8,0.03869565217391305
4.7,129.0,3.0,3.0,nhà bè,0.03643410852713178
8.5,135.0,4.0,2.0,quận 4,0.06296296296296296
4.295,186.0,4.0,3.0,bình thạnh,0.023091397849462365
3.4,62.0,2.0,1.0,quận 2,0.054838709677419356
7.88,108.0,3.0,2.0,quận 10,0.07296296296296297
2.65,67.0,2.0,2.0,quận 9,0.03955223880597015
5.9,48.2,1.0,1.0,quận 2,0.12240663900414937
3.2,69.2,2.0,2.0,quận 9,0.046242774566473986
2.7,67.0,2.0,2.0,quận 9,0.04029850746268657
20.0,104.0,2.0,2.0,quận 1,0.19230769230769232
11.11,80.0,2.0,2.0,bình thạnh,0.138875
5.1,83.33,3.0,2.0,bình tân,0.06120244809792391
1.18,75.0,2.0,2.0,quận 8,0.015733333333333332
3.066,87.0,2.0,2.0,bình thạnh,0.03524137931034482
10.0,74.0,2.0,2.0,quận 3,0.13513513513513514
8.22,51.7,1.0,1.0,quận 2,0.15899419729206962
9.2,150.0,3.0,3.0,quận 8,0.06133333333333333
8.4,80.0,2.0,2.0,quận 2,0.10500000000000001
16.2,450.0,18.0,17.0,quận 9,0.036
1.77,54.1,2.0,1.0,bình chánh,0.03271719038817005
27.0,155.0,4.0,3.0,bình thạnh,0.17419354838709677
8.05,74.0,2.0,2.0,quận 2,0.1087837837837838
7.1,68.9,2.0,2.0,quận 2,0.10304789550072567
3.25,69.0,2.0,2.0,quận 9,0.04710144927536232
5.5,74.0,3.0,2.0,quận 7,0.07432432432432433
8.36,107.0,2.0,2.0,quận 10,0.07813084112149532
2.19,46.7,1.0,1.0,quận 9,0.0468950749464668
11.5,98.4,3.0,2.0,quận 2,0.11686991869918699
13.0,112.0,3.0,2.0,quận 2,0.11607142857142858
4.3,72.18,2.0,2.0,quận 9,0.059573288999722904
3.5,83.0,2.0,2.0,quận 8,0.04216867469879518
19.0,142.0,3.0,2.0,quận 2,0.13380281690140844
3.8,56.0,1.0,1.0,nhà bè,0.06785714285714285
6.4,48.0,1.0,1.0,bình thạnh,0.13333333333333333
15.5,101.0,3.0,2.0,quận 1,0.15346534653465346
1.96,49.0,2.0,2.0,bình thạnh,0.04
2.95,29.5,1.0,1.0,quận 9,0.1
3.95,65.0,2.0,1.0,quận 5,0.06076923076923077
2.52,62.0,2.0,2.0,quận 6,0.04064516129032258
6.5,117.0,3.0,2.0,quận 4,0.05555555555555555
2.3,86.0,2.0,2.0,quận 5,0.026744186046511628
1.79,117.0,3.0,2.0,quận 8,0.015299145299145299
2.455,95.0,3.0,2.0,quận 2,0.025842105263157895
4.2,87.0,2.0,2.0,bình thạnh,0.04827586206896552
7.9,100.0,2.0,2.0,quận 7,0.079
1.45,64.0,2.0,2.0,quận 3,0.02265625
4.5,70.0,2.0,2.0,nhà bè,0.06428571428571428
3.7,81.0,3.0,2.0,quận 9,0.04567901234567901
13.7,107.0,2.0,2.0,bình thạnh,0.12803738317757007
11.8,136.0,3.0,3.0,quận 7,0.08676470588235295
5.6,50.0,1.0,1.0,quận 1,0.11199999999999999
9.5,78.0,4.0,4.0,gò vấp,0.12179487179487179
4.48,82.0,2.0,2.0,quận 7,0.05463414634146342
6.26,108.0,3.0,2.0,quận 9,0.05796296296296296
4.9,105.7,3.0,2.0,quận 9,0.046357615894039736
12.0,125.0,3.0,2.0,phú nhuận,0.096
8.4,152.0,3.0,3.0,quận 7,0.05526315789473685
3.8,65.0,2.0,2.0,quận 12,0.05846153846153846
4.7,75.0,2.0,2.0,quận 9,0.06266666666666666
4.3,71.67,2.0,2.0,quận 9,0.05999720943211943
4.26,52.0,2.0,1.0,quận 7,0.08192307692307692
2.6,52.0,1.0,1.0,tân bình,0.05
8.0,103.0,3.0,2.0,quận 10,0.07766990291262135
17.5,150.0,4.0,3.0,bình thạnh,0.11666666666666667
2.6,53.0,2.0,1.0,quận 7,0.04905660377358491
7.5,92.0,2.0,2.0,quận 7,0.08152173913043478
3.2,48.7,1.0,1.0,quận 9,0.06570841889117043
6.0,49.4,1.0,1.0,quận 2,0.12145748987854252
7.37,75.0,2.0,2.0,quận 4,0.09826666666666667
4.3,60.0,1.0,1.0,quận 4,0.07166666666666667
9.7,88.0,2.0,2.0,quận 2,0.11022727272727272
7.2,72.6,2.0,2.0,quận 2,0.09917355371900828
2.45,47.0,2.0,1.0,quận 9,0.05212765957446809
17.6,132.0,3.0,3.0,quận 5,0.13333333333333333
3.05,53.67,1.0,1.0,quận 7,0.056828768399478286
5.1,47.75,1.0,1.0,quận 2,0.10680628272251308
6.2,96.45,3.0,2.0,quận 9,0.064282011404873
30.0,157.0,4.0,2.0,quận 1,0.1910828025477707
3.2,70.0,3.0,2.0,quận 9,0.045714285714285714
4.3,65.0,1.0,0.0,quận 2,0.06615384615384615
2.21,28.6,1.0,1.0,quận 9,0.07727272727272727
4.0,55.3,2.0,1.0,quận 7,0.07233273056057866
12.0,108.0,2.0,0.0,bình thạnh,0.1111111111111111
10.7,134.0,3.0,2.0,quận 7,0.07985074626865671
2.65,69.3,2.0,2.0,quận 9,0.03823953823953824
4.65,71.3,2.0,2.0,nhà bè,0.06521739130434784
10.5,68.25,2.0,0.0,quận 1,0.15384615384615385
19.2,69.0,2.0,2.0,quận 2,0.2782608695652174
2.67,1.0,2.0,2.0,quận 3,2.67
11.8,117.0,3.0,2.0,quận 2,0.10085470085470086
8.17,77.1,2.0,2.0,quận 2,0.10596627756160831
3.75,73.0,2.0,2.0,quận 9,0.05136986301369863
2.95,98.0,3.0,3.0,quận 3,0.03010204081632653
8.5,80.0,3.0,2.0,quận 3,0.10625
8.8,88.0,2.0,1.0,quận 2,0.1
20.0,135.0,3.0,2.0,quận 2,0.14814814814814814
6.05,86.0,2.0,2.0,quận 10,0.07034883720930232
9.0,114.0,2.0,3.0,quận 7,0.07894736842105263
4.85,70.0,2.0,2.0,nhà bè,0.06928571428571428
37.0,1593.0,46.0,46.0,quận 8,0.02322661644695543
7.5,99.0,3.0,2.0,quận 9,0.07575757575757576
9.0,99.37,3.0,2.0,quận 9,0.0905705947469055
55.9,145.0,3.0,2.0,quận 1,0.3855172413793103
14.8,66.0,2.0,2.0,quận 1,0.22424242424242424
2.3,36.0,1.0,1.0,quận 9,0.06388888888888888
3.6,55.0,1.0,1.0,quận 7,0.06545454545454546
4.7,71.0,2.0,2.0,quận 10,0.06619718309859156
54.0,138.0,3.0,2.0,quận 2,0.391304347826087
2.9,56.5,2.0,1.0,quận 9,0.05132743362831858
8.5,86.0,2.0,2.0,bình thạnh,0.09883720930232558
8.5,88.0,2.0,2.0,quận 7,0.09659090909090909
1.85,80.64,2.0,2.0,quận 4,0.022941468253968256
9.5,52.6,4.0,3.0,thủ đức,0.1806083650190114
9.2,139.0,4.0,2.0,quận 4,0.06618705035971223
8.4,51.0,4.0,5.0,gò vấp,0.16470588235294117
2.75,59.0,2.0,2.0,quận 9,0.046610169491525424
2.7,59.2,2.0,2.0,quận 9,0.04560810810810811
2.75,65.0,2.0,2.0,quận 12,0.04230769230769231
4.55,82.0,2.0,2.0,quận 7,0.05548780487804878
14.0,71.0,2.0,2.0,quận 1,0.19718309859154928
1.35,47.0,1.0,1.0,quận 9,0.028723404255319152
2.4,61.5,2.0,2.0,quận 9,0.03902439024390244
3.105,75.0,2.0,2.0,quận 3,0.0414
41.0,700.0,5.0,5.0,quận 2,0.05857142857142857
10.0,106.0,3.0,2.0,quận 2,0.09433962264150944
8.7,160.0,4.0,3.0,quận 5,0.05437499999999999
59.0,137.0,3.0,2.0,quận 2,0.4306569343065693
0.946,49.0,2.0,2.0,quận 10,0.01930612244897959
1.58,102.0,3.0,2.0,quận 2,0.015490196078431374
4.16,48.7,1.0,1.0,quận 9,0.08542094455852156
9.28,109.0,3.0,2.0,quận 2,0.08513761467889908
13.5,137.0,3.0,2.0,quận 7,0.09854014598540146
3.9,73.0,2.0,2.0,quận 9,0.05342465753424657
8.0,70.0,2.0,2.0,quận 1,0.11428571428571428
5.5,75.0,2.0,2.0,quận 7,0.07333333333333333
11.5,113.0,3.0,3.0,quận 2,0.10176991150442478
6.5,112.0,3.0,3.0,quận 9,0.05803571428571429
4.15,100.0,2.0,2.0,nhà bè,0.0415
4.8,72.0,2.0,1.0,quận 4,0.06666666666666667
3.4,51.0,1.0,1.0,quận 9,0.06666666666666667
3.6,114.0,3.0,2.0,bình chánh,0.031578947368421054
1.25,1.0,2.0,2.0,quận 3,1.25
5.0,103.0,3.0,2.0,quận 9,0.04854368932038835
24.0,127.0,3.0,2.0,quận 2,0.1889763779527559
5.4,150.0,3.0,2.0,quận 8,0.036000000000000004
7.9,35.0,4.0,4.0,phú nhuận,0.22571428571428573
1.99,72.0,2.0,2.0,quận 3,0.02763888888888889
2.14,57.0,2.0,2.0,thủ đức,0.03754385964912281
36.0,180.0,20.0,20.0,quận 7,0.2
3.9,74.0,2.0,1.0,quận 5,0.0527027027027027
4.623,60.0,1.0,1.0,quận 10,0.07705000000000001
4.0,74.39,2.0,2.0,quận 9,0.05377066810055115
2.7,47.1,1.0,1.0,quận 9,0.05732484076433121
5.0,92.0,3.0,2.0,quận 9,0.05434782608695652
56.0,180.0,24.0,25.0,bình thạnh,0.3111111111111111
3.2,64.0,1.0,2.0,quận 9,0.05
8.5,72.31,2.0,2.0,quận 9,0.11754943991149218
8.0,72.0,2.0,2.0,quận 1,0.1111111111111111
9.3,87.0,2.0,2.0,quận 10,0.10689655172413794
3.5,94.0,3.0,2.0,quận 3,0.03723404255319149
28.0,154.0,3.0,2.0,phú nhuận,0.18181818181818182
5.0,103.0,3.0,2.0,quận 9,0.04854368932038835
5.4,92.0,3.0,2.0,quận 9,0.058695652173913045
0.005,30.0,1.0,1.0,bình thạnh,0.00016666666666666666
2.65,69.0,2.0,2.0,quận 9,0.03840579710144927
6.5,50.68,1.0,1.0,quận 2,0.1282557221783741
21.0,129.0,3.0,2.0,quận 2,0.16279069767441862
4.6,70.0,2.0,2.0,nhà bè,0.06571428571428571
9.7,117.0,3.0,2.0,quận 4,0.0829059829059829
6.1,86.0,2.0,2.0,quận 10,0.07093023255813953
2.65,20.0,2.0,2.0,bình thạnh,0.1325
10.0,100.0,2.0,2.0,quận 2,0.1
9.6,118.0,3.0,2.0,quận 7,0.08135593220338982
6.3,46.0,1.0,1.0,quận 7,0.13695652173913042
3.0,60.0,2.0,1.0,quận 9,0.05
4.14,78.0,2.0,2.0,quận 1,0.05307692307692307
10.5,120.0,5.0,0.0,nhà bè,0.0875
13.5,210.0,3.0,2.0,quận 10,0.06428571428571428
2.67,1.0,2.0,2.0,quận 3,2.67
15.5,657.0,24.0,24.0,quận 9,0.02359208523592085
6.6,70.0,2.0,2.0,quận 7,0.09428571428571428
5.15,73.0,2.0,2.0,quận 10,0.07054794520547945
2.85,69.0,2.0,2.0,quận 9,0.04130434782608696
4.9,70.0,2.0,2.0,nhà bè,0.07
13.0,113.0,3.0,2.0,quận 2,0.11504424778761062
3.4,69.0,2.0,2.0,quận 9,0.049275362318840575
3.7,61.0,2.0,1.0,bình tân,0.060655737704918035
3.65,83.0,3.0,2.0,quận 9,0.04397590361445783
3.1,68.0,2.0,2.0,quận 5,0.04558823529411765
3.5,68.0,2.0,2.0,quận 9,0.051470588235294115
6.85,90.0,4.0,3.0,bình tân,0.0761111111111111
4.5,81.5,3.0,2.0,quận 9,0.05521472392638037
11.5,113.0,3.0,2.0,quận 2,0.10176991150442478
2.0,50.0,2.0,2.0,gò vấp,0.04
18.5,107.0,2.0,2.0,quận 2,0.17289719626168223
23.0,104.9,3.0,2.0,quận 1,0.219256434699714
7.35,69.0,2.0,2.0,quận 2,0.10652173913043478
2.155,75.0,2.0,2.0,quận 3,0.02873333333333333
3.8,86.0,2.0,2.0,quận 6,0.044186046511627906
3.3,69.0,2.0,2.0,quận 9,0.047826086956521734
1.37,80.0,2.0,2.0,quận 6,0.017125
24.5,160.0,5.0,6.0,thủ đức,0.153125
2.4,85.0,3.0,1.0,quận 6,0.028235294117647056
5.5,73.0,2.0,2.0,quận 9,0.07534246575342465
8.05,116.0,3.0,2.0,quận 9,0.06939655172413793
10.0,50.0,1.0,1.0,quận 2,0.2
2.8,63.0,1.0,1.0,quận 9,0.04444444444444444
8.8,71.7,1.0,1.0,quận 2,0.12273361227336123
65.0,137.0,3.0,2.0,quận 2,0.4744525547445255
87.0,1155.0,33.0,33.0,quận 3,0.07532467532467532
4.4,69.15,2.0,2.0,nhà bè,0.0636297903109183
9.0,87.0,2.0,2.0,quận 10,0.10344827586206896
140.0,96.0,3.0,1.0,quận 1,1.4583333333333333
9.5,88.0,2.0,2.0,quận 2,0.10795454545454546
2.66,1.0,2.0,2.0,quận 3,2.66
4.89,73.88,2.0,2.0,quận 9,0.06618841364374661
4.4,70.0,2.0,2.0,nhà bè,0.06285714285714286
3.9,61.0,2.0,1.0,bình chánh,0.06393442622950819
2.75,69.0,2.0,2.0,quận 9,0.03985507246376811
5.3,65.0,2.0,2.0,thủ đức,0.08153846153846153
10.0,106.0,3.0,3.0,gò vấp,0.09433962264150944
5.1,70.0,2.0,2.0,quận 6,0.07285714285714286
14.0,130.0,2.0,2.0,quận 2,0.1076923076923077
3.299,122.0,3.0,3.0,quận 4,0.027040983606557375
2.28,48.0,1.0,1.0,quận 9,0.047499999999999994
9.5,98.0,2.0,2.0,quận 2,0.09693877551020408
1.53,72.0,2.0,2.0,quận 3,0.02125
14.21,98.0,2.0,2.0,bình thạnh,0.14500000000000002
1.05,20.0,1.0,1.0,quận 3,0.052500000000000005
8.7,160.0,3.0,3.0,quận 5,0.05437499999999999
3.0,65.0,1.0,1.0,quận 9,0.046153846153846156
23.8,139.0,3.0,3.0,quận 2,0.1712230215827338
2.75,50.0,1.0,1.0,quận 4,0.055
12.0,110.0,3.0,2.0,quận 7,0.10909090909090909
4.6,73.0,2.0,2.0,bình chánh,0.06301369863013698
3.6,50.0,1.0,1.0,quận 10,0.07200000000000001
7.5,181.0,2.0,2.0,quận 7,0.04143646408839779
2.86,69.2,2.0,2.0,quận 9,0.04132947976878612
7.25,74.2,2.0,2.0,quận 2,0.0977088948787062
4.4,110.0,3.0,2.0,nhà bè,0.04
1.0,45.0,2.0,1.0,bình chánh,0.022222222222222223
14.0,108.7,3.0,2.0,bình thạnh,0.12879484820607176
3.45,54.0,2.0,1.0,quận 9,0.0638888888888889
1.925,80.0,2.0,2.0,quận 3,0.0240625
15.0,98.3,3.0,2.0,bình thạnh,0.1525940996948118
12.99,171.0,3.0,4.0,quận 12,0.07596491228070175
1.285,92.0,3.0,2.0,quận 8,0.013967391304347826
8.5,100.0,3.0,2.0,quận 7,0.085
2.35,59.0,2.0,1.0,quận 9,0.039830508474576275
20.0,135.0,3.0,2.0,quận 2,0.14814814814814814
4.9,100.35,3.0,3.0,nhà bè,0.04882909815645242
2.35,59.0,2.0,1.0,quận 9,0.039830508474576275
2.78,1.0,2.0,2.0,quận 5,2.78
1.1,68.0,2.0,2.0,quận 3,0.016176470588235296
4.65,115.0,2.0,2.0,quận 8,0.04043478260869565
12.8,120.0,3.0,3.0,quận 2,0.10666666666666667
39.0,166.0,3.0,2.0,quận 1,0.23493975903614459
5.3,66.57,2.0,2.0,quận 7,0.07961544239146763
7.0,55.0,1.0,1.0,quận 2,0.12727272727272726
5.4,65.3,2.0,2.0,quận 7,0.08269525267993875
8.1,90.0,3.0,3.0,quận 10,0.09
3.7,66666.0,2.0,2.0,quận 7,5.550055500555006e-05
5.4,71.86,2.0,2.0,quận 9,0.07514611745059839
4.5,93.0,3.0,2.0,quận 9,0.04838709677419355
31.0,123.0,3.0,2.0,quận 1,0.25203252032520324
0.001,80.0,8.0,16.0,quận 5,1.25e-05
6.0,52.7,1.0,1.0,quận 2,0.11385199240986717
2.39,59.0,2.0,2.0,bình chánh,0.040508474576271186
1.32,40.0,1.0,1.0,bình chánh,0.033
11.7,120.0,6.0,6.0,nhà bè,0.09749999999999999
1.6800000000000002,102.0,3.0,2.0,quận 6,0.01647058823529412
2.7,69.2,2.0,2.0,quận 9,0.03901734104046243
3.35,86.0,2.0,2.0,quận 8,0.038953488372093024
12.0,56.8,3.0,3.0,quận 5,0.21126760563380284
15.0,116.0,6.0,6.0,quận 7,0.12931034482758622
2.0,60.0,1.0,1.0,quận 5,0.03333333333333333
4.9,102.0,3.0,2.0,quận 5,0.04803921568627451
2.89,1.0,2.0,2.0,quận 3,2.89
30.0,1400.0,60.0,60.0,quận 9,0.02142857142857143
3.7,60.0,2.0,1.0,quận 4,0.06166666666666667
4.79,72.0,2.0,2.0,tân bình,0.06652777777777778
24.999,78.0,9.0,10.0,quận 3,0.3205
5.39,66.82,2.0,2.0,quận 7,0.08066447171505538
8.5,73.2,2.0,2.0,quận 2,0.11612021857923496
0.0362,58.0,2.0,1.0,bình chánh,0.0006241379310344828
3.7,66.66,2.0,2.0,quận 7,0.05550555055505551
6.75,87.0,2.0,2.0,quận 2,0.07758620689655173
7.0,68.9,2.0,2.0,quận 2,0.1015965166908563
1.09,48.0,3.0,2.0,bình chánh,0.022708333333333334
55.0,262.0,3.0,4.0,quận 9,0.2099236641221374
35.0,396.0,6.0,6.0,nhà bè,0.08838383838383838
3.05,69.0,2.0,2.0,quận 9,0.04420289855072464
3.08,70.0,3.0,2.0,quận 9,0.044000000000000004
6.64,83.0,2.0,2.0,quận 4,0.08
4.5,71.67,2.0,2.0,quận 9,0.06278777731268313
8.0,74.2,2.0,2.0,quận 2,0.10781671159029649
45.0,151.0,3.0,3.0,quận 2,0.2980132450331126
2.065,88.0,2.0,2.0,quận 3,0.02346590909090909
18.0,127.0,3.0,2.0,quận 2,0.14173228346456693
4.3,86.0,2.0,2.0,quận 5,0.049999999999999996
1.3,60.0,2.0,2.0,bình chánh,0.021666666666666667
3.95,100.0,2.0,2.0,quận 6,0.0395
1.524,57.0,2.0,1.0,quận 3,0.02673684210526316
5.3,75.3,2.0,2.0,quận 7,0.0703851261620186
4.35,74.0,2.0,2.0,quận 9,0.05878378378378378
3.8,90.0,2.0,2.0,quận 3,0.042222222222222223
10.3,97.0,2.0,2.0,quận 2,0.10618556701030929
3.31,81.7,3.0,2.0,quận 9,0.0405140758873929
3.8,90.0,3.0,2.0,quận 8,0.042222222222222223
3.7,61.0,2.0,1.0,bình tân,0.060655737704918035
10.5,120.0,3.0,2.0,quận 2,0.0875
5.2,73.91,2.0,2.0,quận 9,0.07035583818157219
3.5,68.0,2.0,2.0,tân phú,0.051470588235294115
3.65,114.0,3.0,2.0,bình chánh,0.032017543859649125
8.1,50.0,4.0,3.0,bình thạnh,0.162
11.8,119.0,3.0,2.0,quận 2,0.09915966386554623
3.5,51.25,1.0,1.0,quận 9,0.06829268292682927
8.8,86.0,2.0,2.0,quận 10,0.10232558139534885
16.8,106.0,2.0,2.0,bình thạnh,0.15849056603773587
3.6,86.0,3.0,2.0,quận 5,0.04186046511627907
5.5,92.0,2.0,2.0,quận 4,0.059782608695652176
12.5,123.0,3.0,2.0,quận 7,0.1016260162601626
8.3,79.0,2.0,0.0,quận 2,0.10506329113924051
3.8,57.0,1.0,1.0,quận 4,0.06666666666666667
8.9,51.0,1.0,1.0,quận 1,0.17450980392156865
3.7,69.19,2.0,2.0,quận 7,0.05347593582887701
7.8,90.0,3.0,2.0,quận 10,0.08666666666666667
4.15,106.0,3.0,2.0,bình thạnh,0.03915094339622642
4.1,68.0,2.0,2.0,bình tân,0.06029411764705882
7.0,47.0,2.0,2.0,gò vấp,0.14893617021276595
5.0,101.0,3.0,2.0,quận 10,0.04950495049504951
1.55,61.0,2.0,2.0,quận 2,0.02540983606557377
4.25,75.0,2.0,2.0,quận 9,0.056666666666666664
13.8,107.0,2.0,2.0,bình thạnh,0.12897196261682245
13.1,116.0,3.0,2.0,bình thạnh,0.11293103448275862
1.59,50.0,2.0,1.0,quận 6,0.0318
4.5,72.0,2.0,2.0,nhà bè,0.0625
3.92,69.0,2.0,2.0,quận 9,0.05681159420289855
6.5,87.0,2.0,2.0,quận 2,0.07471264367816093
12.0,70.0,11.0,11.0,bình thạnh,0.17142857142857143
3.95,79.0,2.0,2.0,quận 9,0.05
1.88,74.0,2.0,2.0,quận 8,0.025405405405405403
4.4,71.0,2.0,2.0,nhà bè,0.0619718309859155
2.155,75.0,2.0,2.0,quận 3,0.02873333333333333
1.595,60.0,2.0,1.0,quận 3,0.026583333333333334
2.75,69.0,2.0,2.0,quận 9,0.03985507246376811
17.5,83.0,2.0,2.0,quận 2,0.21084337349397592
3.1,69.0,2.0,2.0,quận 9,0.04492753623188406
10.0,126.0,3.0,3.0,bình thạnh,0.07936507936507936
3.7,56.0,2.0,1.0,nhà bè,0.06607142857142857
4.45,73.0,2.0,2.0,quận 9,0.06095890410958904
5.3,70.0,2.0,2.0,quận 7,0.0757142857142857
20.0,156.0,9.0,0.0,phú nhuận,0.1282051282051282
2.83,92.0,3.0,2.0,quận 4,0.030760869565217393
3.12,59.0,2.0,2.0,quận 9,0.05288135593220339
3.5,56.0,2.0,1.0,nhà bè,0.0625
6.8,91.0,2.0,2.0,quận 10,0.07472527472527472
4.4,70.0,2.0,2.0,nhà bè,0.06285714285714286
28.0,740.0,21.0,22.0,quận 9,0.03783783783783784
1.4,55.0,2.0,2.0,bình chánh,0.025454545454545452
16.0,170.0,5.0,4.0,nhà bè,0.09411764705882353
8.2,92.0,2.0,2.0,quận 2,0.0891304347826087
5.1,70.6,2.0,2.0,quận 9,0.07223796033994334
5.7,76.0,2.0,2.0,nhà bè,0.075
1.65,47.0,1.0,1.0,quận 9,0.0351063829787234
3.8,49.0,1.0,1.0,quận 2,0.07755102040816327
2.6,67.5,2.0,2.0,quận 9,0.03851851851851852
17.5,192.5,5.0,0.0,quận 2,0.09090909090909091
15.45,55.0,1.0,1.0,quận 2,0.2809090909090909
3.09,81.3,3.0,2.0,quận 9,0.03800738007380074
7.0,51.0,1.0,1.0,quận 2,0.13725490196078433
4.2,75.0,2.0,2.0,bình tân,0.056
1.8,75.0,2.0,1.0,quận 8,0.024
5.5,92.5,2.0,2.0,tân phú,0.05945945945945946
3.68,80.0,2.0,2.0,quận 5,0.046
13.0,147.0,3.0,2.0,quận 7,0.08843537414965986
4.4,70.96,2.0,2.0,nhà bè,0.062006764374295385
4.8,73.0,2.0,2.0,tân bình,0.06575342465753424
1.46,76.0,2.0,2.0,quận 5,0.019210526315789473
3.7,70.0,2.0,2.0,quận 7,0.05285714285714286
13.0,100.0,2.0,2.0,quận 2,0.13
0.066,51.0,1.0,1.0,quận 6,0.0012941176470588236
2.45,60.5,2.0,1.0,quận 5,0.04049586776859505
2.95,98.0,3.0,3.0,quận 3,0.03010204081632653
1.15,68.0,2.0,2.0,quận 5,0.016911764705882352
1.77,55.0,1.0,1.0,quận 3,0.03218181818181818
5.1,80.0,2.0,2.0,quận 1,0.06375
5.68,65.0,2.0,2.0,quận 7,0.08738461538461538
5.45,30.0,3.0,4.0,bình thạnh,0.18166666666666667
2.2,47.0,1.0,1.0,quận 9,0.04680851063829788
1.89,10.0,2.0,2.0,quận 3,0.189
7.6,80.0,2.0,2.0,quận 4,0.095
2.55,48.4,1.0,1.0,quận 9,0.05268595041322314
3.25,65.0,2.0,2.0,quận 9,0.05
11.0,120.0,3.0,3.0,bình thạnh,0.09166666666666666
3.9,80.0,3.0,3.0,quận 2,0.04875
11.2,159.7,3.0,3.0,quận 7,0.07013149655604257
6.6,70.0,2.0,2.0,quận 7,0.09428571428571428
18.0,127.0,3.0,2.0,quận 2,0.14173228346456693
4.7,93.0,2.0,2.0,quận 9,0.05053763440860215
12.8,86.0,2.0,2.0,bình thạnh,0.14883720930232558
10.2,138.0,4.0,3.0,quận 10,0.07391304347826086
4.15,57.0,2.0,1.0,quận 7,0.07280701754385965
4.0,87.0,3.0,0.0,bình tân,0.04597701149425287
26.0,125.0,3.0,2.0,quận 2,0.208
4.35,54.33,2.0,1.0,quận 9,0.0800662617338487
2.7,60.0,2.0,2.0,bình thạnh,0.045000000000000005
40.0,129.0,3.0,2.0,quận 2,0.31007751937984496
5.0,70.3,2.0,2.0,quận 1,0.07112375533428165
9.2,60.0,4.0,4.0,gò vấp,0.15333333333333332
3.85,81.5,3.0,2.0,quận 9,0.04723926380368098
18.5,107.0,2.0,2.0,quận 2,0.17289719626168223
8.1,95.0,3.0,2.0,quận 7,0.08526315789473683
5.79,52.0,3.0,0.0,tân phú,0.11134615384615384
6.9,83.0,2.0,2.0,phú nhuận,0.08313253012048193
1.09,67.0,2.0,2.0,quận 6,0.01626865671641791
2.1,52.0,2.0,2.0,bình thạnh,0.04038461538461539
5.5,52.7,1.0,1.0,quận 2,0.10436432637571157
4.075,98.0,3.0,2.0,bình thạnh,0.041581632653061223
16.0,140.0,4.0,5.0,nhà bè,0.11428571428571428
1.58,59.0,2.0,1.0,quận 9,0.026779661016949154
4.399,86.0,2.0,2.0,quận 5,0.051151162790697674
7.8,71.7,2.0,2.0,quận 2,0.10878661087866108
11.2,98.5,3.0,2.0,quận 2,0.11370558375634517
12.0,117.93,2.0,2.0,quận 2,0.10175527855507503
5.4,72.0,2.0,2.0,quận 2,0.07500000000000001
1.95,46.5,1.0,1.0,quận 9,0.04193548387096774
5.3,70.61,2.0,2.0,nhà bè,0.07506018977481943
5.4,83.0,3.0,2.0,nhà bè,0.06506024096385543
1.285,86.0,2.0,2.0,quận 6,0.014941860465116278
2.3,52.2,1.0,1.0,bình chánh,0.044061302681992334
3.9,82.0,3.0,2.0,quận 9,0.0475609756097561
1.64,72.0,2.0,2.0,quận 3,0.022777777777777775
4.8,79.8,2.0,2.0,quận 9,0.06015037593984962
35.0,88.0,2.0,2.0,quận 1,0.3977272727272727
4.15,67.0,2.0,2.0,quận 9,0.061940298507462695
4.7,61.0,1.0,1.0,quận 10,0.07704918032786885
22.3,75.0,1.0,1.0,quận 1,0.29733333333333334
11.8,89.0,2.0,2.0,quận 2,0.13258426966292136
1.335,60.0,2.0,2.0,quận 8,0.02225
16.5,94.0,2.0,2.0,quận 2,0.17553191489361702
8.8,102.0,2.0,2.0,quận 2,0.08627450980392158
8.5,83.0,3.0,2.0,quận 4,0.10240963855421686
87.0,1155.0,33.0,33.0,quận 3,0.07532467532467532
6.5,92.42,3.0,2.0,nhà bè,0.07033109716511578
5.49,70.0,2.0,2.0,quận 7,0.07842857142857143
24.999,78.0,9.0,10.0,quận 3,0.3205
6.8,82.0,2.0,2.0,quận 7,0.08292682926829269
7.6,61.0,4.0,4.0,thủ đức,0.12459016393442622
2.25,52.0,1.0,1.0,nhà bè,0.04326923076923077
2.05,51.0,2.0,2.0,bình thạnh,0.040196078431372545
3.3,69.4,2.0,2.0,quận 9,0.047550432276657055
55.0,145.0,3.0,3.0,quận 2,0.3793103448275862
3.2,69.0,2.0,2.0,quận 9,0.0463768115942029
2.35,75.0,2.0,2.0,quận 5,0.03133333333333333
7.3,100.0,3.0,2.0,quận 9,0.073
3.95,100.0,3.0,3.0,quận 9,0.0395
6.4,85.0,2.0,2.0,tân phú,0.07529411764705883
79.0,240.0,6.0,7.0,phú nhuận,0.32916666666666666
4.158,83.0,2.0,2.0,bình thạnh,0.05009638554216868
26.0,233.0,28.0,28.0,quận 9,0.11158798283261803
1.388,80.64,2.0,2.0,quận 4,0.017212301587301585
5.2,100.0,2.0,2.0,quận 10,0.052000000000000005
22.0,85.0,5.0,6.0,tân phú,0.25882352941176473
1.99,32.0,1.0,2.0,quận 1,0.0621875
2.9,28.6,1.0,1.0,quận 9,0.10139860139860139
135.0,340.0,8.0,6.0,quận 2,0.39705882352941174
6.87,55.0,1.0,1.0,quận 2,0.12490909090909091
6.2,58.0,2.0,1.0,quận 3,0.10689655172413794
2.14,101.0,3.0,2.0,quận 3,0.02118811881188119
3.55,50.0,1.0,1.0,quận 10,0.071
8.9,51.0,4.0,5.0,tân bình,0.17450980392156865
15.0,100.0,3.0,2.0,quận 1,0.15
4.6,92.0,3.0,2.0,quận 9,0.049999999999999996
1.459,73.0,2.0,1.0,quận 5,0.019986301369863013
85.0,286.0,3.0,4.0,quận 2,0.2972027972027972
9.28,70.0,4.0,0.0,bình thạnh,0.13257142857142856
1.57,33.8,1.0,1.0,quận 9,0.04644970414201184
1.34,67.0,2.0,2.0,quận 2,0.02
18.0,127.0,3.0,2.0,quận 2,0.14173228346456693
7.8,70.0,2.0,2.0,quận 2,0.11142857142857143
3.85,97.0,2.0,2.0,quận 6,0.039690721649484534
2.17,54.0,2.0,2.0,bình thạnh,0.040185185185185185
5.0,71.0,2.0,2.0,quận 4,0.07042253521126761
8.0,82.0,2.0,2.0,quận 4,0.0975609756097561
5.3,114.6,5.0,3.0,bình tân,0.0462478184991274
4.3,61.0,2.0,1.0,quận 10,0.07049180327868852
2.9,53.68,1.0,1.0,quận 7,0.05402384500745156
5.1,48.2,1.0,1.0,quận 2,0.10580912863070538
8.0,100.0,3.0,2.0,quận 7,0.08
9.2,88.0,2.0,2.0,quận 2,0.10454545454545454
87.0,1155.0,33.0,33.0,quận 3,0.07532467532467532
8.9,197.0,6.0,6.0,quận 9,0.045177664974619294
1.625,58.0,2.0,1.0,quận 3,0.028017241379310345
4.1,75.0,2.0,2.0,nhà bè,0.05466666666666666
3.0,65.0,1.0,1.0,quận 9,0.046153846153846156
26.0,155.0,4.0,3.0,bình thạnh,0.16774193548387098
4.5,60.0,2.0,2.0,quận 10,0.075
4.4,70.45,2.0,2.0,nhà bè,0.0624556422995032
3.55,91.0,2.0,2.0,quận 3,0.03901098901098901
12.0,115.0,3.0,2.0,bình thạnh,0.10434782608695652
5.2,70.0,2.0,2.0,nhà bè,0.07428571428571429
13.0,119.0,3.0,2.0,quận 2,0.1092436974789916
1.605,71.0,2.0,2.0,quận 4,0.0226056338028169
6.2,150.0,3.0,2.0,quận 8,0.04133333333333333
11.0,100.0,3.0,2.0,quận 2,0.11
2.99,66.0,2.0,2.0,quận 8,0.0453030303030303
5.03,109.0,3.0,2.0,quận 8,0.04614678899082569
8.4,152.0,3.0,3.0,quận 7,0.05526315789473685
17.5,80.9,2.0,2.0,quận 2,0.21631644004944375
55.0,223.0,5.0,5.0,quận 2,0.24663677130044842
5.3,77.4,2.0,2.0,quận 7,0.06847545219638242
6.92,96.45,3.0,2.0,quận 9,0.07174701918092276
2.7,50.6,1.0,1.0,tân bình,0.05335968379446641
4.5,129.0,3.0,3.0,nhà bè,0.03488372093023256
2.5,67.6,2.0,2.0,quận 9,0.03698224852071006
3.88,82.0,3.0,2.0,bình tân,0.04731707317073171
5.4,104.0,3.0,3.0,quận 9,0.051923076923076926
23.0,140.0,3.0,2.0,quận 2,0.16428571428571428
8.3,76.2,2.0,2.0,quận 2,0.1089238845144357
13.5,100.0,2.0,2.0,quận 2,0.135
3.7,73.49,2.0,2.0,quận 7,0.05034698598448769
2.4,70.1,2.0,2.0,quận 9,0.034236804564907276
3.55,81.0,2.0,2.0,quận 8,0.04382716049382716
7.7,72.8,2.0,2.0,quận 2,0.10576923076923078
8.3,73.8,2.0,2.0,quận 2,0.11246612466124663
8.5,76.0,4.0,5.0,tân phú,0.1118421052631579
10.5,92.0,2.0,2.0,quận 2,0.11413043478260869
22.0,368.0,5.0,7.0,tân phú,0.059782608695652176
31.899,210.0,28.0,28.0,bình thạnh,0.1519
2.399,34.0,1.0,1.0,quận 5,0.07055882352941177
10.0,136.0,3.0,2.0,quận 6,0.07352941176470588
6.7,52.0,2.0,1.0,quận 1,0.12884615384615386
3.1,69.2,2.0,2.0,quận 9,0.044797687861271675
2.46,105.0,3.0,2.0,quận 2,0.023428571428571427
3.59,80.0,3.0,2.0,thủ đức,0.044875
16.9,70.0,9.0,9.0,bình thạnh,0.2414285714285714
5.4,58.0,2.0,1.0,quận 3,0.09310344827586207
11.9,120.0,7.0,4.0,quận 12,0.09916666666666667
3.9,60.0,2.0,1.0,bình chánh,0.065
13.7,64.0,1.0,1.0,quận 2,0.2140625
6.8,58.0,2.0,1.0,quận 3,0.11724137931034483
1.65,71.0,2.0,2.0,quận 8,0.02323943661971831
4.85,92.0,3.0,2.0,quận 9,0.05271739130434782
25.0,152.0,3.0,2.0,quận 2,0.16447368421052633
8.87,102.0,3.0,2.0,quận 2,0.08696078431372549
3.7,72.0,2.0,2.0,quận 7,0.051388888888888894
4.5,82.0,2.0,2.0,quận 4,0.054878048780487805
5.97,79.21,2.0,2.0,thủ đức,0.07536927155662164
6.5,75.0,3.0,2.0,quận 2,0.08666666666666667
2.0,58.0,2.0,2.0,bình thạnh,0.034482758620689655
1.625,58.0,2.0,1.0,quận 3,0.028017241379310345
10.25,80.3,2.0,2.0,quận 2,0.12764632627646327
2.15,106.6,3.0,2.0,quận 3,0.020168855534709193
5.5,58.0,1.0,1.0,quận 2,0.09482758620689655
11.8,120.0,3.0,2.0,quận 7,0.09833333333333334
3.75,80.0,2.0,2.0,quận 10,0.046875
1.06,60.0,2.0,2.0,quận 6,0.017666666666666667
6.95,108.0,3.0,2.0,quận 10,0.06435185185185185
2.155,54.0,1.0,1.0,bình thạnh,0.039907407407407405
5.0,78.0,2.0,2.0,bình chánh,0.0641025641025641
3.17,69.0,2.0,2.0,thủ đức,0.04594202898550725
6.35,59.0,2.0,2.0,quận 2,0.10762711864406779
35.0,650.0,5.0,5.0,quận 5,0.05384615384615385
16.0,121.0,3.0,2.0,quận 1,0.1322314049586777
4.2,51.93,2.0,1.0,quận 7,0.08087810514153669
2.4,89.0,3.0,3.0,quận 6,0.02696629213483146
8.0,80.0,2.0,2.0,quận 2,0.1
2.55,69.0,2.0,2.0,quận 9,0.03695652173913043
89.0,329.8,8.0,6.0,quận 7,0.2698605215281989
4.85,60.0,1.0,1.0,quận 7,0.08083333333333333
3.2,40.0,1.0,1.0,phú nhuận,0.08
5.38,98.11,3.0,2.0,nhà bè,0.054836408113342165
3.4,59.2,2.0,14.0,quận 9,0.05743243243243243
4.4,110.0,2.0,2.0,quận 8,0.04
11.0,76.0,2.0,2.0,quận 2,0.14473684210526316
3.4,62.5,2.0,2.0,quận 9,0.0544
12.9,120.0,3.0,2.0,quận 2,0.1075
11.2,101.1,3.0,2.0,quận 2,0.11078140454995054
5.5,150.0,3.0,2.0,quận 8,0.03666666666666667
24.9,189.0,16.0,17.0,quận 2,0.13174603174603175
3.29,54.0,3.0,3.0,phú nhuận,0.060925925925925925
9.2,90.0,2.0,2.0,quận 2,0.10222222222222221
6.3,52.0,1.0,1.0,quận 2,0.12115384615384615
30.0,152.0,3.0,3.0,quận 2,0.19736842105263158
32.5,111.0,3.0,2.0,quận 2,0.2927927927927928
3.3,69.0,2.0,2.0,quận 9,0.047826086956521734
4.1,71.0,2.0,2.0,nhà bè,0.05774647887323943
2.2,59.0,2.0,1.0,quận 9,0.03728813559322034
6.27,107.0,4.0,0.0,quận 12,0.05859813084112149
2.6,50.0,1.0,1.0,quận 7,0.052000000000000005
9.0,58.0,5.0,6.0,quận 3,0.15517241379310345
17.0,144.0,4.0,4.0,quận 3,0.11805555555555555
2.25,58.0,2.0,1.0,quận 9,0.03879310344827586
7.6,79.0,2.0,2.0,quận 7,0.09620253164556962
3.87,154.0,4.0,3.0,bình thạnh,0.02512987012987013
2.585,102.0,3.0,2.0,quận 4,0.02534313725490196
2.58,59.0,2.0,2.0,bình chánh,0.04372881355932204
4.1,87.0,3.0,2.0,quận 9,0.047126436781609195
3.6,82.0,2.0,2.0,quận 3,0.04390243902439025
2.655,68.0,2.0,2.0,bình thạnh,0.03904411764705882
3.25,70.0,2.0,2.0,bình tân,0.04642857142857143
2.5,45.0,2.0,0.0,quận 3,0.05555555555555555
0.005,35.0,1.0,1.0,bình thạnh,0.00014285714285714287
5.7,57.0,2.0,1.0,quận 3,0.1
2.85,82.0,3.0,2.0,quận 9,0.03475609756097561
13.5,100.0,2.0,2.0,quận 2,0.135
1.67,76.0,2.0,2.0,quận 3,0.021973684210526315
7.5,90.0,2.0,2.0,quận 4,0.08333333333333333
2.18,79.0,2.0,2.0,quận 9,0.027594936708860762
1.19,66.0,3.0,2.0,quận 8,0.01803030303030303
1.93,157.0,4.0,4.0,quận 2,0.012292993630573248
25.0,162.0,2.0,2.0,quận 2,0.15432098765432098
12.0,103.4,3.0,2.0,quận 2,0.11605415860735009
1.88,52.0,2.0,1.0,bình thạnh,0.036153846153846154
2.42,59.1,2.0,1.0,quận 9,0.04094754653130287
5.4,48.2,1.0,1.0,quận 2,0.11203319502074689
13.2,116.0,3.0,2.0,bình thạnh,0.11379310344827585
4.574,63.4,2.0,2.0,quận 9,0.07214511041009464
8.0,46.11,1.0,1.0,quận 2,0.1734981565820863
27.5,325.0,3.0,4.0,quận 2,0.08461538461538462
2.65,43.0,1.0,1.0,quận 9,0.06162790697674418
2.5,59.0,2.0,1.0,quận 9,0.0423728813559322
4.4,70.0,2.0,2.0,nhà bè,0.06285714285714286
5.1,72.0,2.0,2.0,quận 9,0.07083333333333333
10.2,88.0,2.0,2.0,quận 2,0.1159090909090909
23.0,140.0,3.0,2.0,quận 2,0.16428571428571428
4.5,80.0,2.0,2.0,bình tân,0.05625
7.05,48.2,1.0,1.0,quận 2,0.14626556016597508
3.0,69.3,2.0,2.0,quận 9,0.043290043290043295
2.1,47.0,1.0,1.0,quận 9,0.04468085106382979
12.8,95.0,2.0,2.0,bình thạnh,0.13473684210526315
5.0,71.0,1.0,2.0,nhà bè,0.07042253521126761
2.35,59.0,2.0,2.0,quận 9,0.039830508474576275
2.9,60.0,2.0,2.0,quận 9,0.04833333333333333
1.775,75.0,2.0,2.0,quận 6,0.023666666666666666
11.5,113.0,3.0,3.0,quận 2,0.10176991150442478
2.78,59.0,2.0,2.0,quận 9,0.04711864406779661
1.87,50.0,2.0,2.0,bình chánh,0.0374
2.8,67.6,2.0,2.0,quận 9,0.04142011834319527
1.705,68.0,2.0,2.0,quận 7,0.025073529411764706
13.0,100.0,2.0,2.0,quận 2,0.13
18.0,126.0,4.0,4.0,quận 7,0.14285714285714285
11.5,88.0,2.0,2.0,quận 2,0.13068181818181818
8.3,82.0,2.0,2.0,bình thạnh,0.10121951219512196
3.0,86.0,3.0,2.0,quận 9,0.03488372093023256
3.05,53.2,1.0,1.0,quận 7,0.05733082706766917
12.0,80.0,2.0,2.0,quận 1,0.15
8.2,92.0,2.0,2.0,quận 2,0.0891304347826087
4.4,69.5,2.0,2.0,nhà bè,0.06330935251798561
5.5,71.0,2.0,2.0,quận 7,0.07746478873239436
24.6,90.0,2.0,2.0,quận 1,0.2733333333333334
30.0,100.0,8.0,6.0,gò vấp,0.3
4.85,58.0,2.0,1.0,quận 3,0.08362068965517241
17.5,80.0,20.0,20.0,bình thạnh,0.21875
4.12,1.0,2.0,2.0,quận 2,4.12
6.45,73.0,2.0,2.0,quận 10,0.08835616438356164
5.56,71.89,2.0,2.0,quận 9,0.07734038113784948
11.0,139.0,3.0,3.0,quận 10,0.07913669064748201
7.8,73.0,2.0,2.0,quận 2,0.10684931506849314
23.0,142.0,3.0,2.0,quận 2,0.1619718309859155
3.91,89.12,3.0,2.0,thủ đức,0.04387342908438061
5.999,72.0,2.0,2.0,quận 2,0.08331944444444445
1.92,48.0,2.0,2.0,gò vấp,0.04
2.46,105.0,3.0,2.0,quận 2,0.023428571428571427
7.0,52.0,4.0,4.0,bình tân,0.1346153846153846
7.9,68.0,2.0,2.0,quận 1,0.1161764705882353
3.7,90.0,3.0,2.0,quận 6,0.04111111111111111
32.0,193.0,3.0,3.0,quận 2,0.16580310880829016
5.75,100.0,3.0,2.0,quận 4,0.0575
6.0,68.0,2.0,2.0,quận 2,0.08823529411764706
6.6,71.0,2.0,2.0,quận 2,0.09295774647887324
10.8,112.0,2.0,2.0,quận 2,0.09642857142857143
4.8,92.0,3.0,2.0,quận 9,0.05217391304347826
2.68,63.0,1.0,1.0,quận 9,0.042539682539682544
3.0,69.2,2.0,2.0,quận 9,0.04335260115606936
5.0,103.6,3.0,2.0,quận 9,0.04826254826254826
2.38,53.0,2.0,1.0,quận 6,0.04490566037735849
13.5,100.0,3.0,2.0,bình thạnh,0.135
10.8,105.6,4.0,5.0,nhà bè,0.10227272727272728
1.25,1.0,2.0,2.0,quận 3,1.25
3.205,126.0,3.0,2.0,bình thạnh,0.025436507936507938
15.0,100.0,2.0,2.0,quận 2,0.15
1.37,102.0,3.0,2.0,quận 6,0.01343137254901961
12.0,50.0,1.0,1.0,quận 2,0.24
6.35,86.0,2.0,2.0,quận 10,0.07383720930232558
3.5,82.0,3.0,2.0,quận 9,0.042682926829268296
18.0,126.0,6.0,7.0,quận 7,0.14285714285714285
13.5,141.0,3.0,2.0,bình thạnh,0.09574468085106383
5.9,86.0,2.0,2.0,quận 10,0.0686046511627907
5.2,65.0,2.0,2.0,quận 2,0.08
3.8,56.0,3.0,1.0,quận 1,0.06785714285714285
2.6,59.0,2.0,2.0,bình chánh,0.04406779661016949
6.85,75.0,2.0,2.0,quận 2,0.09133333333333332
3.5,67.0,2.0,2.0,quận 6,0.05223880597014925
1.62,74.0,2.0,2.0,quận 5,0.021891891891891894
2.9,69.4,2.0,2.0,quận 9,0.04178674351585014
4.2,52.0,1.0,0.0,quận 2,0.08076923076923077
11.9,108.7,3.0,2.0,bình thạnh,0.10947562097516099
10.2,86.0,2.0,2.0,quận 7,0.11860465116279069
2.75,72.0,2.0,2.0,quận 9,0.03819444444444445
5.2,70.0,2.0,2.0,quận 9,0.07428571428571429
7.5,80.0,2.0,2.0,quận 4,0.09375
2.15,42.6,1.0,1.0,quận 9,0.05046948356807511
4.5,115.0,2.0,2.0,quận 8,0.0391304347826087
10.2,70.0,2.0,2.0,quận 1,0.1457142857142857
7.5,94.0,3.0,2.0,quận 7,0.0797872340425532
3.55,75.0,3.0,2.0,bình tân,0.04733333333333333
3.5,67.0,2.0,2.0,quận 7,0.05223880597014925
9.8,75.0,2.0,2.0,quận 2,0.13066666666666668
4.4,74.0,2.0,2.0,quận 9,0.05945945945945946
17.0,144.0,4.0,4.0,quận 3,0.11805555555555555
14.5,60.0,8.0,9.0,bình thạnh,0.24166666666666667
15.0,84.0,2.0,2.0,quận 2,0.17857142857142858
3.95,90.0,2.0,2.0,quận 3,0.043888888888888894
8.3,227.0,3.0,4.0,quận 8,0.03656387665198238
7.2,84.0,2.0,2.0,quận 4,0.08571428571428572
6.0,81.0,2.0,2.0,nhà bè,0.07407407407407407
1.55,95.0,3.0,2.0,quận 2,0.01631578947368421
6.8,68.9,2.0,2.0,quận 2,0.09869375907111755
8.5,96.0,3.0,2.0,quận 2,0.08854166666666667
9.0,90.0,2.0,2.0,quận 2,0.1
4.3,112.0,3.0,2.0,quận 9,0.03839285714285714
2.55,60.0,3.0,4.0,quận 8,0.042499999999999996
5.5,92.0,2.0,2.0,quận 4,0.059782608695652176
16.0,105.0,2.0,2.0,bình thạnh,0.1523809523809524
7.3,90.0,3.0,2.0,quận 10,0.0811111111111111
13.8,95.7,3.0,2.0,quận 2,0.14420062695924765
5.7,67.0,2.0,2.0,quận 9,0.08507462686567165
8.5,75.4,2.0,2.0,quận 2,0.11273209549071617
6.0,50.0,1.0,1.0,quận 1,0.12
8.7,75.4,2.0,2.0,quận 2,0.11538461538461536
1.689,95.0,3.0,2.0,quận 2,0.017778947368421054
0.001,100.0,10.0,20.0,quận 5,1e-05
4.4,70.45,2.0,2.0,nhà bè,0.0624556422995032
8.0,85.0,4.0,4.0,quận 9,0.09411764705882353
3.25,69.0,2.0,2.0,quận 9,0.04710144927536232
8.8,77.0,2.0,2.0,quận 2,0.1142857142857143
4.45,52.0,1.0,1.0,quận 9,0.08557692307692308
17.9,80.0,15.0,16.0,bình thạnh,0.22374999999999998
3.97,63.0,2.0,2.0,nhà bè,0.06301587301587303
3.135,72.0,2.0,2.0,quận 1,0.043541666666666666
13.0,128.0,3.0,2.0,bình thạnh,0.1015625
2.1,65.0,2.0,2.0,quận 6,0.03230769230769231
9.8,86.0,2.0,2.0,quận 10,0.11395348837209303
3.95,81.5,2.0,2.0,tân phú,0.04846625766871166
8.5,78.0,2.0,0.0,quận 2,0.10897435897435898
5.9,108.0,3.0,2.0,quận 9,0.05462962962962963
3.5,49.0,1.0,1.0,quận 9,0.07142857142857142
7.2,72.0,2.0,2.0,quận 2,0.1
5.9,150.0,3.0,3.0,quận 8,0.03933333333333334
2.0,54.0,2.0,1.0,quận 9,0.037037037037037035
4.4,92.0,3.0,2.0,quận 9,0.04782608695652174
2.35,59.0,2.0,1.0,quận 9,0.039830508474576275
4.64,73.52,2.0,2.0,quận 9,0.06311207834602829
16.5,90.0,5.0,6.0,quận 7,0.18333333333333332
2.9,81.0,2.0,2.0,quận 6,0.03580246913580247
8.0,107.0,3.0,2.0,quận 10,0.07476635514018691
3.39,79.0,2.0,2.0,quận 9,0.042911392405063295
3.456,94.0,3.0,2.0,bình thạnh,0.03676595744680851
19.5,71.0,2.0,2.0,quận 2,0.2746478873239437
12.0,115.0,3.0,2.0,quận 7,0.10434782608695652
1.689,95.0,3.0,2.0,quận 2,0.017778947368421054
1.37,64.0,2.0,2.0,quận 9,0.02140625
1.2,90.0,3.0,2.0,quận 6,0.013333333333333332
10.8,96.4,3.0,2.0,quận 2,0.11203319502074689
9.6,86.0,3.0,2.0,quận 2,0.11162790697674418
1.38,73.0,2.0,2.0,quận 8,0.018904109589041096
8.5,80.0,2.0,2.0,bình thạnh,0.10625
6.0,70.0,2.0,2.0,phú nhuận,0.08571428571428572
3.99,70.0,2.0,2.0,bình thạnh,0.057
9.0,76.2,2.0,2.0,quận 2,0.11811023622047244
4.85,58.0,2.0,1.0,quận 3,0.08362068965517241
16.0,127.0,3.0,2.0,quận 2,0.12598425196850394
23.0,367.4,7.0,7.0,tân phú,0.06260206859009254
1.4,31.0,1.0,1.0,quận 10,0.04516129032258064
3.18,69.0,2.0,2.0,bình chánh,0.04608695652173913
0.002,27.0,1.0,1.0,quận 6,7.407407407407407e-05
1.5,53.0,2.0,2.0,bình chánh,0.02830188679245283
4.4,70.0,2.0,2.0,nhà bè,0.06285714285714286
12.0,50.0,1.0,1.0,quận 2,0.24
9.7,88.0,2.0,2.0,quận 2,0.11022727272727272
1.79,70.0,2.0,0.0,quận 5,0.02557142857142857
6.0,80.0,2.0,2.0,quận 9,0.075
36.2,324.7,4.0,6.0,quận 2,0.11148752694795197
8.8,72.6,2.0,2.0,quận 2,0.12121212121212123
12.9,98.0,2.0,2.0,quận 2,0.13163265306122449
3.1,63.0,2.0,1.0,quận 9,0.049206349206349205
0.99,50.0,1.0,1.0,quận 1,0.019799999999999998
3.1,55.0,2.0,2.0,quận 2,0.056363636363636366
1.07,55.0,2.0,2.0,bình chánh,0.019454545454545457
15.9,72.0,4.0,5.0,quận 7,0.22083333333333333
6.5,95.28,3.0,2.0,quận 7,0.06821998320738874
15.0,80.0,10.0,11.0,bình thạnh,0.1875
4.0,82.0,3.0,2.0,quận 9,0.04878048780487805
6.2,90.0,2.0,2.0,quận 2,0.06888888888888889
10.6,75.0,2.0,2.0,quận 2,0.14133333333333334
29.0,126.0,3.0,4.0,quận 7,0.23015873015873015
7.5,78.0,2.0,2.0,quận 7,0.09615384615384616
15.0,72.0,5.0,6.0,quận 7,0.20833333333333334
12.0,71.7,2.0,2.0,quận 2,0.16736401673640167
9.5,110.0,3.0,2.0,quận 2,0.08636363636363636
2.65,59.0,2.0,2.0,bình chánh,0.044915254237288135
1.54,74.0,2.0,2.0,quận 6,0.02081081081081081
7.5,70.2,2.0,2.0,bình thạnh,0.10683760683760683
13.5,200.0,35.0,8.0,quận 9,0.0675
6.7,97.5,3.0,2.0,quận 9,0.06871794871794872
16.5,120.0,4.0,4.0,thủ đức,0.1375
33.0,151.0,2.0,2.0,quận 1,0.2185430463576159
7.0,82.0,2.0,2.0,quận 7,0.08536585365853659
9.7,86.0,3.0,2.0,quận 10,0.1127906976744186
10.0,74.0,2.0,2.0,quận 3,0.13513513513513514
10.0,93.0,3.0,2.0,quận 4,0.10752688172043011
4.8,71.42,2.0,2.0,nhà bè,0.06720806496779613
9.6,88.0,2.0,2.0,quận 2,0.10909090909090909
58.0,214.0,4.0,4.0,quận 2,0.27102803738317754
9.5,50.0,1.0,1.0,quận 1,0.19
3.12,90.0,2.0,2.0,bình thạnh,0.034666666666666665
14.7,117.0,3.0,2.0,quận 2,0.12564102564102564
2.5,64.0,2.0,2.0,quận 6,0.0390625
8.5,52.0,1.0,1.0,quận 2,0.16346153846153846
73.9,207.07,3.0,3.0,quận 2,0.3568841454580577
25.5,77.0,2.0,2.0,quận 2,0.33116883116883117
11.0,148.0,3.0,3.0,quận 7,0.07432432432432433
23.0,150.0,2.0,2.0,quận 7,0.15333333333333332
3.205,72.0,2.0,2.0,quận 3,0.04451388888888889
6.49,89.0,3.0,2.0,quận 7,0.07292134831460674
2.4,63.0,2.0,1.0,quận 9,0.03809523809523809
12.9,120.0,3.0,2.0,quận 2,0.1075
3.0,69.0,3.0,2.0,quận 9,0.043478260869565216
1.925,80.0,2.0,2.0,quận 3,0.0240625
1.585,102.0,3.0,2.0,bình thạnh,0.01553921568627451
80.0,292.0,5.0,4.0,quận 2,0.273972602739726
10.5,70.0,2.0,2.0,quận 1,0.15
11.9,116.0,3.0,2.0,quận 7,0.10258620689655172
3.4,81.7,3.0,2.0,quận 9,0.0416156670746634
3.165,80.0,2.0,2.0,bình thạnh,0.0395625
2.5,56.0,2.0,1.0,quận 9,0.044642857142857144
4.3,50.4,4.0,3.0,quận 8,0.08531746031746032
15.7,104.0,3.0,2.0,quận 2,0.15096153846153845
7.2,68.9,2.0,2.0,quận 2,0.10449927431059505
4.4,69.18,2.0,2.0,nhà bè,0.06360219716681122
2.6,59.0,2.0,2.0,bình chánh,0.04406779661016949
7.68,270.0,4.0,4.0,quận 6,0.028444444444444442
15.2,110.0,2.0,2.0,bình thạnh,0.13818181818181818
12.6,72.0,4.0,4.0,tân bình,0.175
15.0,120.0,3.0,2.0,bình thạnh,0.125
5.3,80.0,2.0,2.0,nhà bè,0.06625
4.0,86.0,3.0,2.0,bình tân,0.046511627906976744
2.8,68.0,2.0,2.0,quận 9,0.041176470588235294
3.7,66.66,2.0,2.0,quận 7,0.05550555055505551
13.7,120.0,3.0,2.0,bình thạnh,0.11416666666666667
8.4,72.6,2.0,2.0,quận 2,0.11570247933884299
3.0,60.0,2.0,1.0,quận 9,0.05
10.3,98.0,2.0,2.0,quận 7,0.10510204081632654
6.5,86.0,2.0,2.0,quận 10,0.0755813953488372
1.393,122.0,3.0,3.0,quận 4,0.011418032786885246
23.7,200.0,3.0,2.0,quận 2,0.1185
5.3,73.0,2.0,2.0,quận 10,0.07260273972602739
3.61,53.0,1.0,1.0,tân phú,0.0681132075471698
20.6,80.0,2.0,2.0,quận 2,0.2575
2.67,50.0,1.0,1.0,quận 7,0.053399999999999996
3.4,92.0,2.0,2.0,quận 4,0.03695652173913044
5.5,58.0,2.0,1.0,quận 3,0.09482758620689655
10.3,118.0,3.0,2.0,quận 7,0.08728813559322035
52.0,166.0,13.0,13.0,quận 1,0.3132530120481928
7.7,103.0,3.0,2.0,quận 10,0.07475728155339806
10.5,74.2,2.0,2.0,quận 2,0.14150943396226415
17.024,128.0,3.0,3.0,quận 5,0.133
3.6,54.0,1.0,1.0,quận 9,0.06666666666666667
33.5,104.0,3.0,2.0,quận 2,0.32211538461538464
14.0,115.0,3.0,2.0,bình thạnh,0.12173913043478261
7.3,86.0,2.0,2.0,quận 10,0.08488372093023255
15.6,132.0,3.0,2.0,quận 2,0.11818181818181818
3.2,69.2,2.0,2.0,quận 9,0.046242774566473986
7.8,75.4,2.0,2.0,quận 2,0.10344827586206895
21.5,77.0,2.0,2.0,quận 2,0.2792207792207792
5.6,78.0,1.0,1.0,quận 10,0.07179487179487179
3.34,48.9,1.0,1.0,quận 9,0.06830265848670757
3.15,65.0,2.0,2.0,tân bình,0.04846153846153846
51.0,160.0,6.0,5.0,quận 2,0.31875
3.339,110.0,3.0,2.0,bình thạnh,0.030354545454545453
19.0,142.0,3.0,3.0,quận 2,0.13380281690140844
18.0,127.0,3.0,2.0,quận 2,0.14173228346456693
4.03,72.0,2.0,2.0,quận 7,0.05597222222222223
1.05,65.0,2.0,2.0,quận 6,0.016153846153846154
4.9,81.5,3.0,2.0,quận 9,0.060122699386503074
2.1,47.0,1.0,1.0,quận 9,0.04468085106382979
24.0,175.0,4.0,4.0,quận 9,0.13714285714285715
3.0,72.0,2.0,2.0,tân bình,0.041666666666666664
2.1,47.1,1.0,1.0,quận 9,0.0445859872611465
40.9,241.0,4.0,4.0,quận 5,0.16970954356846474
13.5,77.0,2.0,2.0,quận 1,0.17532467532467533
2.7,53.0,1.0,1.0,quận 7,0.0509433962264151
6.7,89.0,2.0,2.0,quận 2,0.07528089887640449
10.5,121.0,3.0,2.0,quận 7,0.08677685950413223
14.5,80.0,5.0,5.0,quận 7,0.18125
3.2,40.0,1.0,1.0,phú nhuận,0.08
12.3,85.0,3.0,3.0,thủ đức,0.14470588235294118
3.9,65.0,2.0,0.0,quận 12,0.06
7.6,135.6,4.0,0.0,thủ đức,0.05604719764011799
11.0,93.2,3.0,2.0,quận 2,0.11802575107296137
6.75,52.0,3.0,3.0,bình thạnh,0.12980769230769232
7.3,60.0,1.0,1.0,quận 2,0.12166666666666666
1.765,75.0,2.0,2.0,quận 5,0.023533333333333333
43.0,135.0,2.0,2.0,quận 1,0.31851851851851853
2.15,77.0,2.0,2.0,quận 3,0.02792207792207792
3.69,61.0,2.0,1.0,bình tân,0.06049180327868852
2.85,34.0,1.0,1.0,quận 9,0.08382352941176471
2.3,59.0,2.0,1.0,quận 9,0.03898305084745762
8.0,80.0,2.0,0.0,quận 2,0.1
1.92,48.0,2.0,2.0,gò vấp,0.04
1.53,72.0,2.0,2.0,quận 3,0.02125
3.35,60.0,2.0,2.0,quận 8,0.05583333333333333
8.0,97.0,2.0,2.0,quận 7,0.08247422680412371
2.065,88.0,2.0,2.0,quận 3,0.02346590909090909
5.4,64.3,2.0,2.0,quận 7,0.08398133748055989
3.5,50.0,1.0,1.0,quận 10,0.07
19.8,200.0,33.0,40.0,gò vấp,0.099
7.2,72.0,2.0,2.0,quận 3,0.1
14.5,70.0,7.0,7.0,bình thạnh,0.20714285714285716
3.5,48.7,1.0,1.0,quận 9,0.07186858316221766
4.85,70.62,2.0,2.0,quận 9,0.06867742849051259
4.5,80.0,2.0,2.0,bình tân,0.05625
3.65,75.0,3.0,2.0,quận 7,0.048666666666666664
2.19,51.0,2.0,1.0,quận 8,0.04294117647058823
55.0,170.0,4.0,3.0,quận 2,0.3235294117647059
5.3,75.3,2.0,2.0,quận 7,0.0703851261620186
3.99,72.0,2.0,2.0,quận 9,0.05541666666666667
4.7,115.0,2.0,2.0,quận 8,0.0408695652173913
8.6,152.0,3.0,2.0,quận 7,0.05657894736842105
2.03,47.2,1.0,1.0,quận 9,0.04300847457627118
6.5,106.0,3.0,2.0,gò vấp,0.06132075471698113
4.25,77.0,3.0,3.0,quận 9,0.05519480519480519
7.8,96.0,3.0,2.0,quận 2,0.08125
4.5,115.0,2.0,2.0,quận 8,0.0391304347826087
1.605,92.0,2.0,2.0,quận 3,0.017445652173913043
4.7,69.19,2.0,2.0,nhà bè,0.06792889145830323
2.65,52.0,1.0,1.0,tân bình,0.05096153846153846
3.7,66.66,2.0,2.0,quận 7,0.05550555055505551
16.9,83.0,2.0,2.0,quận 2,0.20361445783132529
14.5,90.0,4.0,4.0,quận 9,0.16111111111111112
4.4,70.45,2.0,2.0,nhà bè,0.0624556422995032
3.5,53.21,1.0,1.0,quận 9,0.06577710956587107
3.15,65.0,2.0,1.0,quận 9,0.04846153846153846
5.15,73.0,2.0,2.0,quận 10,0.07054794520547945
6.49,45.0,2.0,2.0,tân bình,0.14422222222222222
4.3,60.0,1.0,1.0,quận 10,0.07166666666666667
5.3,100.0,2.0,2.0,quận 10,0.053
3.5,83.0,2.0,2.0,quận 8,0.04216867469879518
2.0,50.0,2.0,2.0,bình thạnh,0.04
35.0,163.0,3.0,2.0,quận 1,0.2147239263803681
5.3,75.0,2.0,2.0,quận 4,0.07066666666666667
15.5,108.0,3.0,2.0,bình thạnh,0.14351851851851852
10.0,94.0,2.0,2.0,quận 2,0.10638297872340426
1.95,31.0,1.0,1.0,quận 9,0.06290322580645161
7.0,74.0,2.0,2.0,quận 2,0.0945945945945946
3.45,70.0,2.0,2.0,quận 7,0.04928571428571429
2.68,43.0,1.0,1.0,quận 9,0.06232558139534884
0.797,30.0,1.0,1.0,quận 12,0.02656666666666667
11.0,138.0,3.0,2.0,quận 7,0.07971014492753623
2.2,50.0,1.0,1.0,nhà bè,0.044000000000000004
5.3,69.6,2.0,2.0,quận 7,0.07614942528735633
3.6,66.66,2.0,2.0,quận 7,0.05400540054005401
2.8,59.0,2.0,1.0,quận 9,0.04745762711864406
5.3,67.64,2.0,2.0,quận 7,0.07835600236546422
3.7,110.0,3.0,2.0,quận 8,0.03363636363636364
3.7,67.0,2.0,2.0,quận 7,0.05522388059701493
17.5,94.0,2.0,2.0,quận 2,0.18617021276595744
11.8,120.0,3.0,3.0,quận 2,0.09833333333333334
12.45,105.0,3.0,2.0,quận 1,0.11857142857142856
17.5,90.0,2.0,2.0,quận 2,0.19444444444444445
33.0,78.0,2.0,0.0,quận 1,0.4230769230769231
4.3,49.0,1.0,1.0,quận 9,0.08775510204081632
28.0,120.0,6.0,6.0,gò vấp,0.23333333333333334
5.93,88.0,3.0,2.0,quận 7,0.06738636363636363
1.58,102.0,3.0,2.0,quận 2,0.015490196078431374
19.7,80.0,2.0,2.0,quận 2,0.24625
105.0,140.0,1.0,1.0,quận 2,0.75
3.3,53.91,1.0,1.0,quận 9,0.06121313299944352
6.85,81.0,2.0,2.0,quận 4,0.0845679012345679
3.0,60.0,2.0,2.0,quận 9,0.05
2.65,63.0,2.0,2.0,quận 6,0.04206349206349206
5.4,80.0,2.0,2.0,thủ đức,0.0675
3.125,86.0,2.0,2.0,bình thạnh,0.036337209302325583
21.5,60.0,1.0,1.0,quận 1,0.35833333333333334
5.2,65.0,2.0,2.0,quận 7,0.08
2.3,47.1,1.0,1.0,quận 9,0.048832271762208064
7.4,72.0,2.0,2.0,quận 2,0.10277777777777779
2.2,55.0,2.0,2.0,bình thạnh,0.04
43.0,139.0,2.0,2.0,quận 1,0.30935251798561153
6.49,52.0,5.0,0.0,tân bình,0.12480769230769231
5.5,93.0,3.0,2.0,nhà bè,0.05913978494623656
23.5,148.7,3.0,3.0,quận 2,0.15803631472763954
12.0,89.0,2.0,2.0,quận 2,0.1348314606741573
2.6,48.0,2.0,1.0,nhà bè,0.05416666666666667
2.4,53.0,1.0,1.0,thủ đức,0.045283018867924525
14.9,108.0,3.0,2.0,quận 10,0.13796296296296295
8.6,90.0,2.0,2.0,bình thạnh,0.09555555555555555
2.9,70.0,2.0,2.0,quận 9,0.041428571428571426
3.7,65.0,2.0,1.0,quận 4,0.05692307692307692
5.999,72.0,2.0,2.0,quận 2,0.08331944444444445
4.65,70.0,2.0,2.0,quận 6,0.06642857142857143
12.5,101.1,3.0,2.0,quận 2,0.12363996043521266
7.8,71.7,2.0,2.0,quận 2,0.10878661087866108
2.2,46.0,2.0,1.0,gò vấp,0.04782608695652174
23.95,100.0,6.0,6.0,gò vấp,0.2395
11.5,113.0,3.0,2.0,quận 2,0.10176991150442478
2.1,51.0,2.0,1.0,bình thạnh,0.041176470588235294
2.65,74.0,2.0,2.0,quận 8,0.03581081081081081
2.2,60.0,2.0,1.0,quận 9,0.03666666666666667
5.54,80.0,2.0,2.0,quận 9,0.06925
1.69,65.0,2.0,2.0,quận 6,0.026
28.9,140.0,30.0,30.0,bình thạnh,0.2064285714285714
6.2,70.0,2.0,2.0,quận 2,0.08857142857142858
4.69,67.0,2.0,2.0,nhà bè,0.07
3.79,60.0,4.0,3.0,phú nhuận,0.06316666666666666
3.5,59.0,2.0,2.0,quận 9,0.059322033898305086
15.9,136.0,3.0,2.0,bình thạnh,0.11691176470588235
6.7,86.0,2.0,2.0,quận 10,0.07790697674418605
2.06,46.0,1.0,1.0,quận 9,0.044782608695652176
27.0,100.0,2.0,2.0,quận 2,0.27
4.3,59.6,2.0,1.0,quận 7,0.0721476510067114
2.5,53.0,1.0,1.0,quận 7,0.04716981132075472
35.2,324.0,3.0,5.0,quận 2,0.10864197530864199
7.8,71.7,2.0,2.0,quận 2,0.10878661087866108
3.1,70.0,2.0,2.0,thủ đức,0.04428571428571429
1.8,30.0,1.0,1.0,quận 9,0.060000000000000005
16.99,156.0,4.0,4.0,thủ đức,0.1089102564102564
3.05,53.0,2.0,1.0,quận 7,0.05754716981132075
4.65,71.42,2.0,2.0,nhà bè,0.06510781293755251
20.6,58.1,1.0,1.0,quận 1,0.35456110154905335
10.0,60.0,1.0,1.0,quận 2,0.16666666666666666
3.555,72.0,2.0,2.0,quận 3,0.049375
1.77,60.0,2.0,1.0,quận 3,0.029500000000000002
5.7,74.0,2.0,2.0,quận 9,0.07702702702702703
22.0,63.0,2.0,2.0,quận 1,0.3492063492063492
3.95,100.0,3.0,3.0,quận 9,0.0395
6.0,51.7,1.0,1.0,quận 2,0.11605415860735009
5.9,78.0,4.0,5.0,bình tân,0.07564102564102565
18.0,102.0,3.0,2.0,quận 2,0.17647058823529413
28.5,121.0,3.0,2.0,quận 1,0.23553719008264462
2.14,101.0,3.0,2.0,quận 3,0.02118811881188119
1.85,34.0,1.0,1.0,quận 9,0.054411764705882354
7.5,80.0,6.0,5.0,tân phú,0.09375
5.4,81.56,3.0,2.0,nhà bè,0.06620892594409024
7.17,65.0,2.0,2.0,quận 2,0.1103076923076923
9.2,120.0,3.0,2.0,quận 7,0.07666666666666666
16.5,121.0,3.0,2.0,quận 1,0.13636363636363635
2.9,54.0,2.0,1.0,tân phú,0.053703703703703705
14.4,106.0,2.0,2.0,bình thạnh,0.13584905660377358
4.4,70.45,2.0,2.0,nhà bè,0.0624556422995032
2.5,58.5,2.0,1.0,quận 9,0.042735042735042736
8.4,90.0,2.0,2.0,quận 2,0.09333333333333334
2.5,62.0,2.0,2.0,bình thạnh,0.04032258064516129
12.8,96.4,3.0,2.0,quận 2,0.13278008298755187
11.0,140.0,4.0,5.0,gò vấp,0.07857142857142857
23.5,71.0,2.0,2.0,quận 2,0.33098591549295775
11.5,80.0,2.0,2.0,quận 1,0.14375
7.0,100.0,3.0,2.0,quận 5,0.07
2.65,50.0,1.0,1.0,tân bình,0.053
2.8,70.0,2.0,2.0,quận 5,0.04
53.0,205.0,4.0,3.0,quận 1,0.25853658536585367
13.5,80.0,1.0,1.0,quận 2,0.16875
2.69,72.0,2.0,2.0,quận 5,0.03736111111111111
4.15,57.0,2.0,2.0,quận 7,0.07280701754385965
7.7,72.0,2.0,2.0,quận 3,0.10694444444444445
2.26,1.0,2.0,2.0,quận 3,2.26
8.1,88.0,2.0,2.0,bình thạnh,0.09204545454545454
13.6,119.0,3.0,2.0,quận 2,0.11428571428571428
1.45,64.0,2.0,2.0,quận 3,0.02265625
7.2,81.5,2.0,2.0,quận 4,0.08834355828220859
4.4,74.0,2.0,2.0,quận 9,0.05945945945945946
1.51,90.0,3.0,2.0,quận 5,0.016777777777777777
1.35,69.0,2.0,2.0,quận 5,0.01956521739130435
4.8,51.24,1.0,1.0,quận 9,0.09367681498829039
3.35,69.2,2.0,2.0,quận 9,0.04841040462427745
11.3,64.0,1.0,1.0,quận 2,0.1765625
3.45,61.0,2.0,1.0,thủ đức,0.05655737704918033
10.0,85.5,4.0,5.0,tân phú,0.11695906432748537
3.5,74.0,2.0,2.0,quận 9,0.0472972972972973
16.8,135.0,3.0,2.0,quận 2,0.12444444444444445
3.35,75.0,2.0,2.0,bình thạnh,0.04466666666666667
2.4,45.0,2.0,1.0,bình thạnh,0.05333333333333333
4.5,70.68,2.0,2.0,nhà bè,0.06366723259762308
2.8,74.0,2.0,2.0,quận 8,0.03783783783783783
5.0,79.0,2.0,2.0,quận 10,0.06329113924050633
9.2,88.0,2.0,2.0,quận 2,0.10454545454545454
4.12,1.0,2.0,2.0,quận 2,4.12
8.25,48.0,6.0,0.0,quận 3,0.171875
3.5,74.77,2.0,2.0,nhà bè,0.04681021800187241
24.6,110.0,3.0,3.0,quận 1,0.22363636363636366
3.5,67.37,2.0,2.0,quận 7,0.05195190737717084
3.8,92.0,3.0,2.0,quận 4,0.041304347826086954
3.125,85.0,2.0,2.0,quận 4,0.03676470588235294
13.0,96.0,2.0,2.0,quận 2,0.13541666666666666
8.95,101.0,3.0,2.0,quận 4,0.08861386138613861
48.0,154.8,5.0,5.0,bình thạnh,0.31007751937984496
2.9,63.0,1.0,1.0,quận 9,0.04603174603174603
10.5,88.0,2.0,2.0,quận 2,0.11931818181818182
8.15,56.2,5.0,5.0,gò vấp,0.14501779359430605
13.5,130.0,3.0,2.0,quận 7,0.10384615384615385
9.2,100.0,3.0,2.0,quận 4,0.092
1.65,95.0,2.0,2.0,quận 6,0.017368421052631578
24.0,160.0,4.0,0.0,bình thạnh,0.15
5.4,95.0,3.0,2.0,nhà bè,0.056842105263157895
2.1,47.1,1.0,1.0,quận 9,0.0445859872611465
45.0,170.0,4.0,3.0,quận 2,0.2647058823529412
9.5,118.0,3.0,2.0,quận 7,0.08050847457627118
1.53,72.0,2.0,2.0,quận 3,0.02125
6.8,58.0,2.0,1.0,quận 3,0.11724137931034483
2.0,50.0,2.0,0.0,bình thạnh,0.04
19.9,139.0,4.0,0.0,quận 10,0.14316546762589927
4.6,110.0,3.0,2.0,quận 8,0.04181818181818182
8.34,95.66,3.0,2.0,quận 9,0.08718377587288313
2.6,25.0,2.0,1.0,gò vấp,0.10400000000000001
19.0,142.0,3.0,3.0,quận 2,0.13380281690140844
13.2,53.1,10.0,11.0,phú nhuận,0.2485875706214689
25.5,100.0,5.0,4.0,gò vấp,0.255
9.5,110.0,3.0,2.0,quận 7,0.08636363636363636
3.555,72.0,2.0,2.0,quận 3,0.049375
14.0,100.0,2.0,2.0,quận 2,0.14
36.0,217.0,3.0,4.0,quận 2,0.16589861751152074
37.5,126.0,4.0,5.0,quận 7,0.2976190476190476
7.5,73.2,2.0,2.0,quận 2,0.10245901639344263
2.38,59.1,2.0,1.0,quận 9,0.04027072758037225
2.6,57.0,1.0,1.0,quận 8,0.0456140350877193
6.4,86.0,2.0,2.0,quận 10,0.07441860465116279
4.4,70.0,2.0,2.0,nhà bè,0.06285714285714286
8.19,96.98,3.0,2.0,quận 9,0.0844504021447721
7.2,108.0,2.0,2.0,quận 10,0.06666666666666667
5.5,40.0,1.0,1.0,quận 6,0.1375
27.0,140.0,3.0,3.0,quận 2,0.19285714285714287
8.0,80.0,2.0,2.0,bình thạnh,0.1
3.8,82.0,2.0,2.0,quận 8,0.046341463414634146
2.485,100.0,3.0,2.0,quận 9,0.024849999999999997
3.65,50.0,1.0,1.0,quận 10,0.073
10.0,98.0,2.0,2.0,quận 2,0.10204081632653061
2.89,100.0,2.0,1.0,quận 5,0.028900000000000002
6.27,57.77,1.0,1.0,quận 2,0.1085338410939934
3.5,86.0,3.0,2.0,quận 5,0.040697674418604654
2.68,69.2,2.0,2.0,quận 9,0.03872832369942197
9.8,71.7,2.0,2.0,quận 2,0.13668061366806136
3.515,68.0,2.0,2.0,quận 5,0.05169117647058824
10.0,100.0,2.0,2.0,quận 2,0.1
31.0,78.0,2.0,2.0,quận 1,0.3974358974358974
3.588,81.0,2.0,2.0,quận 4,0.0442962962962963
20.0,54.0,1.0,1.0,quận 1,0.37037037037037035
4.4,69.16,2.0,2.0,nhà bè,0.06362058993637942
7.0,56.5,4.0,4.0,bình chánh,0.12389380530973451
14.0,94.0,3.0,2.0,quận 1,0.14893617021276595
4.65,67.32,2.0,2.0,quận 9,0.06907308377896615
4.2,50.0,1.0,1.0,bình tân,0.084
22.0,92.0,2.0,2.0,quận 2,0.2391304347826087
1.605,92.0,2.0,2.0,quận 3,0.017445652173913043
10.5,92.0,2.0,2.0,quận 2,0.11413043478260869
1.55,61.0,2.0,2.0,quận 2,0.02540983606557377
11.0,80.0,2.0,2.0,quận 1,0.1375
5.75,150.0,3.0,2.0,quận 8,0.03833333333333333
135.0,340.0,8.0,6.0,quận 2,0.39705882352941174
1.305,60.5,2.0,2.0,quận 10,0.021570247933884297
1.645,84.0,2.0,2.0,quận 4,0.019583333333333335
2.85,26.0,3.0,2.0,quận 4,0.10961538461538461
8.0,63.8,1.0,1.0,quận 2,0.12539184952978058
4.65,80.0,2.0,2.0,bình tân,0.058125
9.9,82.0,2.0,2.0,bình thạnh,0.12073170731707318
11.5,88.0,2.0,2.0,quận 2,0.13068181818181818
1.485,85.0,3.0,2.0,quận 8,0.01747058823529412
105.0,140.0,1.0,1.0,quận 2,0.75
10.0,78.0,2.0,1.0,quận 1,0.1282051282051282
2.7,69.4,2.0,2.0,quận 9,0.03890489913544669
15.5,143.0,3.0,3.0,quận 2,0.10839160839160839
35.0,155.0,3.0,2.0,quận 2,0.22580645161290322
31.0,78.22,2.0,2.0,quận 1,0.3963180772181028
2.48,59.1,2.0,1.0,quận 9,0.04196277495769882
11.3,108.0,3.0,2.0,bình thạnh,0.10462962962962964
100.0,530.0,4.0,6.0,quận 2,0.18867924528301888
10.0,129.0,4.0,3.0,quận 7,0.07751937984496124
2.45,60.0,2.0,1.0,quận 5,0.04083333333333334
2.35,49.0,1.0,1.0,quận 9,0.04795918367346939
1.28,1.0,2.0,2.0,quận 3,1.28
3.0,65.0,1.0,1.0,quận 9,0.046153846153846156
6.7,86.0,2.0,2.0,quận 10,0.07790697674418605
6.1,55.0,4.0,4.0,thủ đức,0.1109090909090909
11.0,79.0,2.0,2.0,quận 2,0.13924050632911392
7.9,75.0,2.0,2.0,quận 4,0.10533333333333333
3.7,49.0,1.0,1.0,quận 4,0.07551020408163266
12.0,70.0,2.0,2.0,quận 2,0.17142857142857143
10.1,50.0,1.0,1.0,quận 2,0.20199999999999999
5.85,49.4,1.0,1.0,quận 2,0.11842105263157894
2.3,59.0,2.0,1.0,quận 9,0.03898305084745762
2.03,90.0,3.0,2.0,quận 3,0.022555555555555554
1.53,72.0,2.0,2.0,quận 3,0.02125
3.2,101.0,2.0,2.0,quận 6,0.031683168316831684
17.0,71.0,2.0,2.0,quận 2,0.23943661971830985
13.9,107.0,3.0,2.0,quận 7,0.12990654205607477
18.0,128.0,3.0,2.0,quận 5,0.140625
35.0,154.0,3.0,2.0,quận 2,0.22727272727272727
12.5,67.1,3.0,4.0,quận 3,0.18628912071535023
9.1,65.0,1.0,1.0,quận 2,0.13999999999999999
3.05,92.0,3.0,2.0,quận 8,0.033152173913043474
16.8,363.0,16.0,17.0,quận 9,0.046280991735537194
7.5,55.0,1.0,1.0,bình thạnh,0.13636363636363635
4.3,74.0,2.0,2.0,bình tân,0.058108108108108104
3.2,67.8,2.0,2.0,quận 9,0.04719764011799411
6.0,105.0,3.0,2.0,quận 4,0.05714285714285714
2.48,50.0,1.0,1.0,quận 7,0.0496
4.9,72.0,2.0,2.0,quận 10,0.06805555555555556
3.8,57.0,1.0,1.0,quận 4,0.06666666666666667
7.5,71.42,2.0,2.0,nhà bè,0.10501260151218146
6.02,53.0,1.0,1.0,quận 1,0.11358490566037735
8.5,80.0,3.0,2.0,quận 3,0.10625
3.65,78.0,2.0,2.0,quận 8,0.046794871794871795
11.0,90.0,2.0,2.0,quận 5,0.12222222222222222
4.3,67.0,2.0,2.0,tân phú,0.06417910447761194
2.0,58.0,2.0,2.0,bình thạnh,0.034482758620689655
0.007,170.0,3.0,3.0,quận 4,4.11764705882353e-05
5.27,73.0,2.0,2.0,quận 10,0.07219178082191781
2.34,67.0,3.0,1.0,quận 5,0.03492537313432836
3.25,50.0,1.0,1.0,quận 9,0.065
1.705,110.0,3.0,3.0,quận 2,0.0155
8.5,96.0,3.0,2.0,quận 2,0.08854166666666667
5.7,57.0,2.0,1.0,quận 3,0.1
6.8,58.0,2.0,1.0,quận 3,0.11724137931034483
6.2,58.0,2.0,1.0,quận 3,0.10689655172413794
5.4,76.0,3.0,2.0,bình chánh,0.07105263157894737
7.8,44.0,6.0,7.0,quận 3,0.17727272727272728
52.0,129.5,4.0,4.0,quận 7,0.4015444015444015
7.5,77.4,2.0,2.0,quận 8,0.09689922480620154
12.9,79.0,5.0,6.0,gò vấp,0.16329113924050634
2.8,67.0,2.0,2.0,nhà bè,0.0417910447761194
6.5,83.0,3.0,2.0,quận 4,0.0783132530120482
2.89,1.0,2.0,2.0,quận 3,2.89
13.0,98.0,2.0,2.0,bình thạnh,0.1326530612244898
11.3,111.0,3.0,2.0,bình thạnh,0.1018018018018018
5.3,67.0,2.0,2.0,quận 9,0.0791044776119403
12.9,113.0,3.0,2.0,quận 2,0.11415929203539824
6.0,100.0,3.0,2.0,quận 4,0.06
1.45,64.0,2.0,2.0,quận 3,0.02265625
6.5,94.79,3.0,2.0,quận 7,0.06857263424411858
18.0,97.0,2.0,2.0,quận 2,0.18556701030927836
1.47,1.0,2.0,2.0,quận 3,1.47
7.8,100.0,3.0,0.0,quận 9,0.078
1.835,81.0,2.0,2.0,quận 4,0.02265432098765432
2.05,82.0,2.0,2.0,quận 4,0.024999999999999998
6.65,86.0,2.0,2.0,quận 10,0.07732558139534884
2.05,47.0,1.0,1.0,quận 9,0.04361702127659574
2.65,63.0,2.0,1.0,quận 9,0.04206349206349206
8.8,88.0,2.0,1.0,quận 2,0.1
3.555,72.0,2.0,2.0,quận 3,0.049375
1.65,52.0,1.0,1.0,quận 3,0.03173076923076923
17.0,102.0,3.0,3.0,quận 2,0.16666666666666666
42.0,191.0,4.0,3.0,quận 2,0.2198952879581152
10.8,106.0,3.0,2.0,bình thạnh,0.1018867924528302
7.0,88.0,3.0,2.0,quận 2,0.07954545454545454
3.15,47.15,2.0,3.0,quận 3,0.06680805938494168
18.0,70.57,2.0,2.0,quận 2,0.2550658920221057
3.15,53.91,1.0,1.0,quận 9,0.05843071786310518
43.0,205.0,4.0,4.0,quận 1,0.2097560975609756
4.4,61.0,2.0,2.0,quận 10,0.07213114754098361
5.85,147.0,3.0,3.0,quận 8,0.03979591836734694
12.9,78.0,5.0,6.0,gò vấp,0.16538461538461538
13.5,100.0,4.0,6.0,thủ đức,0.135
6.73,52.7,1.0,1.0,quận 2,0.12770398481973436
3.99,53.0,2.0,2.0,thủ đức,0.07528301886792453
3.1,63.0,2.0,2.0,quận 9,0.049206349206349205
27.5,120.0,1.0,5.0,thủ đức,0.22916666666666666
3.2,70.0,2.0,1.0,quận 5,0.045714285714285714
3.75,68.0,2.0,2.0,thủ đức,0.05514705882352941
6.9,86.6,2.0,2.0,tân phú,0.07967667436489609
9.71,71.67,2.0,2.0,quận 2,0.13548207060136738
5.2,70.0,2.0,2.0,quận 6,0.07428571428571429
1.77,60.0,2.0,1.0,quận 3,0.029500000000000002
4.35,69.5,2.0,2.0,quận 9,0.06258992805755395
9.0,75.84,2.0,2.0,quận 2,0.11867088607594936
6.799,82.0,2.0,2.0,quận 7,0.08291463414634147
2.75,69.0,2.0,2.0,quận 9,0.03985507246376811
4.0,68.0,3.0,2.0,bình tân,0.058823529411764705
2.8,50.0,1.0,1.0,tân bình,0.055999999999999994
1.52,55.0,2.0,1.0,quận 5,0.027636363636363636
4.7,70.96,2.0,2.0,nhà bè,0.06623449830890643
19.0,142.0,3.0,2.0,quận 2,0.13380281690140844
20.0,110.0,2.0,2.0,quận 1,0.18181818181818182
9.45,80.5,2.0,2.0,quận 7,0.11739130434782608
3.35,67.0,2.0,0.0,quận 9,0.05
3.6,48.0,1.0,1.0,quận 10,0.075
7.02,95.0,3.0,2.0,quận 7,0.07389473684210526
1.95,74.0,2.0,2.0,quận 8,0.02635135135135135
4.4,70.96,2.0,2.0,nhà bè,0.062006764374295385
2.3,52.0,1.0,1.0,quận 8,0.044230769230769226
3.52,58.9,2.0,2.0,quận 9,0.05976230899830221
2.55,63.5,2.0,2.0,quận 4,0.04015748031496063
6.15,50.0,4.0,5.0,quận 8,0.12300000000000001
4.2,74.15,2.0,2.0,quận 9,0.056641942009440324
7.4,74.2,2.0,2.0,quận 2,0.09973045822102426
7.2,82.0,2.0,2.0,bình thạnh,0.0878048780487805
10.5,120.0,3.0,2.0,quận 2,0.0875
5.8,86.0,2.0,2.0,quận 10,0.06744186046511627
3.8,90.0,2.0,2.0,quận 3,0.042222222222222223
4.5,75.0,2.0,2.0,nhà bè,0.06
15.8,74.0,5.0,5.0,tân bình,0.21351351351351353
5.2,93.0,2.0,2.0,quận 7,0.05591397849462366
5.869,55.0,1.0,1.0,quận 2,0.1067090909090909
21.98,96.0,3.0,2.0,quận 1,0.22895833333333335
15.7,86.0,2.0,2.0,quận 2,0.1825581395348837
4.4,115.0,2.0,2.0,quận 8,0.0382608695652174
4.9,65.0,4.0,0.0,bình tân,0.07538461538461538
82.0,303.0,6.0,6.0,gò vấp,0.2706270627062706
8.8,76.8,2.0,2.0,quận 2,0.11458333333333334
7.0,100.0,3.0,2.0,quận 9,0.07
7.58,46.0,5.0,4.0,phú nhuận,0.16478260869565217
13.0,94.0,2.0,2.0,quận 2,0.13829787234042554
2.25,50.0,1.0,1.0,quận 8,0.045
3.5,56.0,2.0,1.0,nhà bè,0.0625
6.2,58.0,2.0,1.0,quận 3,0.10689655172413794
21.86,561.0,15.0,16.0,quận 9,0.038966131907308375
11.3,60.0,9.0,9.0,bình thạnh,0.18833333333333335
28.8,642.0,28.0,28.0,quận 9,0.04485981308411215
7.9,74.0,2.0,2.0,quận 1,0.10675675675675676
2.7,69.0,2.0,2.0,quận 9,0.0391304347826087
5.4,53.7,1.0,1.0,bình thạnh,0.1005586592178771
12.0,117.0,3.0,2.0,bình thạnh,0.10256410256410256
24.8,70.0,2.0,2.0,quận 2,0.3542857142857143
4.5,71.0,2.0,2.0,nhà bè,0.06338028169014084
2.8,69.4,2.0,2.0,quận 9,0.04034582132564841
2.0,50.0,2.0,2.0,bình thạnh,0.04
11.7,88.0,2.0,2.0,quận 2,0.13295454545454544
6.1,50.0,3.0,3.0,tân bình,0.122
2.8,69.0,2.0,2.0,quận 9,0.04057971014492753
8.8,72.0,2.0,2.0,quận 2,0.12222222222222223
55.0,205.0,4.0,3.0,quận 1,0.2682926829268293
120.0,364.2,5.0,5.0,quận 7,0.3294892915980231
2.5,59.1,2.0,1.0,quận 9,0.04230118443316413
18.0,126.0,6.0,5.0,quận 7,0.14285714285714285
47.0,87.8,3.0,0.0,quận 3,0.5353075170842825
1.505,61.0,2.0,2.0,quận 5,0.024672131147540983
7.5,50.7,1.0,1.0,quận 2,0.14792899408284022
3.25,83.0,2.0,2.0,quận 6,0.0391566265060241
3.275,74.3,2.0,2.0,bình thạnh,0.04407806191117093
8.0,81.0,1.0,1.0,quận 2,0.09876543209876543
7.0,85.3,2.0,2.0,tân phú,0.08206330597889801
2.5,47.0,2.0,2.0,quận 9,0.05319148936170213
3.97,78.9,2.0,2.0,quận 9,0.05031685678073511
1.625,58.0,2.0,1.0,quận 3,0.028017241379310345
1.95,47.0,1.0,1.0,quận 9,0.04148936170212766
5.75,99.0,1.0,2.0,quận 4,0.05808080808080808
1.45,70.0,2.0,2.0,quận 8,0.020714285714285713
3.8,80.0,2.0,2.0,quận 10,0.0475
22.0,71.2,2.0,2.0,quận 2,0.3089887640449438
2.4,47.0,1.0,1.0,quận 9,0.05106382978723404
4.0,82.3,3.0,2.0,quận 9,0.04860267314702309
1.49,95.0,3.0,2.0,quận 8,0.01568421052631579
15.4,90.0,4.0,4.0,tân bình,0.1711111111111111
4.4,67.6,2.0,2.0,quận 9,0.06508875739644972
3.6,69.0,2.0,2.0,quận 9,0.052173913043478265
6.8,86.0,2.0,2.0,quận 10,0.07906976744186046
2.2,59.1,2.0,1.0,quận 9,0.03722504230118444
6.4,64.6,2.0,2.0,quận 2,0.09907120743034058
15.8,94.0,4.0,4.0,tân bình,0.16808510638297874
4.4,75.0,2.0,2.0,quận 9,0.05866666666666667
27.5,220.8,3.0,4.0,quận 2,0.12454710144927536
53.0,205.0,4.0,3.0,quận 1,0.25853658536585367
2.48,55.0,2.0,1.0,quận 9,0.04509090909090909
6.8,65.0,2.0,1.0,quận 4,0.10461538461538461
32.0,193.0,3.0,3.0,quận 2,0.16580310880829016
13.4,110.0,3.0,2.0,quận 2,0.12181818181818183
3.1,63.0,2.0,1.0,quận 9,0.049206349206349205
4.4,69.16,2.0,2.0,nhà bè,0.06362058993637942
6.5,78.0,2.0,2.0,phú nhuận,0.08333333333333333
1.9,46.7,1.0,1.0,quận 9,0.04068522483940042
17.0,144.0,4.0,4.0,quận 3,0.11805555555555555
7.5,102.0,3.0,2.0,quận 7,0.07352941176470588
1.399,61.0,2.0,2.0,quận 6,0.022934426229508198
1.28,77.0,2.0,2.0,quận 2,0.016623376623376623
17.0,70.0,6.0,5.0,tân phú,0.24285714285714285
3.9,82.0,3.0,2.0,quận 9,0.0475609756097561
3.1,70.0,2.0,2.0,thủ đức,0.04428571428571429
2.45,59.0,2.0,1.0,quận 9,0.041525423728813564
13.9,74.0,6.0,0.0,gò vấp,0.18783783783783783
10.8,112.0,2.0,2.0,quận 2,0.09642857142857143
0.001,70.0,8.0,12.0,quận 5,1.4285714285714285e-05
5.3,70.0,2.0,1.0,quận 4,0.0757142857142857
11.26,121.0,3.0,2.0,quận 1,0.09305785123966942
1.64,72.0,2.0,2.0,quận 3,0.022777777777777775
2.75,69.0,2.0,2.0,quận 9,0.03985507246376811
4.4,70.0,2.0,2.0,nhà bè,0.06285714285714286
5.68,88.0,3.0,2.0,quận 7,0.06454545454545454
4.4,69.18,2.0,2.0,nhà bè,0.06360219716681122
3.9,51.0,1.0,1.0,quận 6,0.07647058823529411
1.95,48.0,2.0,2.0,gò vấp,0.040625
8.6,75.0,2.0,2.0,quận 2,0.11466666666666667
1.64,62.0,2.0,1.0,quận 5,0.026451612903225806
1.65,62.0,2.0,1.0,quận 6,0.02661290322580645
18.0,350.0,13.0,13.0,bình thạnh,0.05142857142857143
3.09,75.0,3.0,2.0,quận 8,0.0412
4.2,68.0,2.0,2.0,bình tân,0.061764705882352944
5.7,80.0,2.0,2.0,nhà bè,0.07125000000000001
41.0,157.0,3.0,3.0,quận 2,0.2611464968152866
2.79,85.0,2.0,2.0,quận 7,0.03282352941176471
10.3,97.0,2.0,2.0,quận 2,0.10618556701030929
2.92,68.0,2.0,1.0,quận 4,0.04294117647058823
25.0,127.0,3.0,2.0,quận 2,0.1968503937007874
1.55,95.0,3.0,2.0,quận 2,0.01631578947368421
10.5,88.0,2.0,2.0,quận 2,0.11931818181818182
3.7,66.66,2.0,2.0,quận 7,0.05550555055505551
21.0,80.0,2.0,2.0,quận 2,0.2625
5.869,55.0,1.0,1.0,quận 2,0.1067090909090909
0.007,30.0,1.0,1.0,quận 3,0.00023333333333333333
3.6,82.0,2.0,2.0,quận 3,0.04390243902439025
6.0,74.0,2.0,2.0,quận 9,0.08108108108108109
13.9,114.4,3.0,2.0,bình thạnh,0.1215034965034965
4.85,90.0,2.0,2.0,quận 6,0.05388888888888888
27.0,188.0,4.0,5.0,bình thạnh,0.14361702127659576
1.1,68.0,2.0,2.0,quận 3,0.016176470588235296
12.8,120.0,3.0,3.0,quận 2,0.10666666666666667
1.95,36.0,1.0,1.0,quận 9,0.05416666666666667
5.82,79.7,2.0,2.0,nhà bè,0.07302383939774153
6.2,82.0,2.0,2.0,quận 4,0.07560975609756097
8.5,80.0,3.0,2.0,quận 3,0.10625
5.6,48.2,1.0,1.0,quận 2,0.11618257261410787
3.6,70.0,2.0,2.0,quận 9,0.05142857142857143
3.43,48.7,1.0,1.0,quận 9,0.0704312114989733
17.5,90.0,15.0,16.0,bình thạnh,0.19444444444444445
2.7,70.0,3.0,2.0,quận 12,0.038571428571428576
2.6,59.0,2.0,1.0,quận 9,0.04406779661016949
7.3,59.0,4.0,5.0,bình thạnh,0.12372881355932203
13.1,123.0,3.0,2.0,bình thạnh,0.10650406504065041
1.835,81.0,2.0,2.0,quận 4,0.02265432098765432
1.459,73.0,2.0,1.0,quận 5,0.019986301369863013
13.0,100.0,2.0,2.0,quận 2,0.13
25.0,220.0,4.0,3.0,quận 2,0.11363636363636363
3.65,80.0,2.0,2.0,quận 5,0.045625
29.0,220.0,3.0,4.0,quận 2,0.1318181818181818
2.2,55.0,2.0,2.0,bình thạnh,0.04
4.6,92.0,3.0,2.0,quận 9,0.049999999999999996
1.524,57.0,2.0,1.0,quận 3,0.02673684210526316
1.65,64.0,1.0,1.0,quận 7,0.02578125
5.49,58.0,1.0,2.0,quận 3,0.0946551724137931
5.2,70.0,3.0,2.0,quận 6,0.07428571428571429
6.7,94.0,3.0,2.0,nhà bè,0.07127659574468086
3.58,48.7,1.0,1.0,quận 9,0.07351129363449692
2.6,67.0,2.0,2.0,bình thạnh,0.03880597014925373
15.2,400.0,7.0,5.0,quận 2,0.038
2.6,59.0,2.0,1.0,quận 9,0.04406779661016949
1.69,1.0,2.0,2.0,quận 3,1.69
3.9,85.2,2.0,2.0,quận 9,0.04577464788732394
4.25,53.0,2.0,1.0,quận 2,0.08018867924528301
8.45,105.0,5.0,6.0,bình thạnh,0.08047619047619047
7.8,73.2,2.0,2.0,quận 2,0.10655737704918032
3.65,44.0,1.0,1.0,quận 7,0.08295454545454545
1.5699999999999998,72.0,2.0,2.0,quận 3,0.021805555555555554
4.4,70.0,2.0,2.0,nhà bè,0.06285714285714286
9.0,70.0,2.0,2.0,quận 1,0.12857142857142856
11.5,72.0,2.0,0.0,quận 2,0.1597222222222222
69.0,220.0,4.0,4.0,quận 7,0.31363636363636366
4.15,74.0,2.0,2.0,quận 9,0.056081081081081084
4.1,71.67,2.0,2.0,quận 9,0.057206641551555734
2.85,69.3,2.0,2.0,quận 9,0.04112554112554113
5.9,95.0,3.0,2.0,nhà bè,0.06210526315789474
8.0,86.0,2.0,2.0,bình thạnh,0.09302325581395349
2.96,59.0,2.0,1.0,quận 9,0.05016949152542373
3.25,55.0,1.0,1.0,quận 9,0.05909090909090909
11.0,120.0,3.0,2.0,quận 2,0.09166666666666666
14.0,130.0,2.0,2.0,quận 2,0.1076923076923077
14.3,105.2,6.0,6.0,thủ đức,0.1359315589353612
1.46,84.0,2.0,2.0,quận 4,0.01738095238095238
3.66,1.0,2.0,2.0,quận 3,3.66
10.2,48.0,1.0,1.0,quận 1,0.2125
13.0,139.0,4.0,2.0,quận 10,0.09352517985611511
1.625,58.0,2.0,1.0,quận 3,0.028017241379310345
9.2,70.0,2.0,1.0,quận 1,0.13142857142857142
5.25,60.0,4.0,5.0,bình tân,0.0875
6.5,94.81,3.0,2.0,quận 7,0.06855816896951798
2.025,55.0,1.0,1.0,quận 3,0.03681818181818182
12.4,103.0,3.0,2.0,quận 10,0.1203883495145631
3.1,63.0,1.0,1.0,quận 9,0.049206349206349205
45.0,90.0,3.0,3.0,quận 1,0.5
25.0,184.0,3.0,2.0,quận 2,0.1358695652173913
4.4,69.19,2.0,2.0,nhà bè,0.06359300476947537
17.0,100.0,3.0,2.0,quận 1,0.17
2.15,77.0,2.0,2.0,quận 3,0.02792207792207792
2.015,72.0,2.0,2.0,quận 4,0.027986111111111114
12.5,117.0,3.0,2.0,quận 2,0.10683760683760683
16.8,135.0,3.0,2.0,quận 2,0.12444444444444445
3.6,68.0,2.0,2.0,tân phú,0.052941176470588235
6.9,54.8,1.0,1.0,quận 2,0.1259124087591241
9.5,60.0,4.0,4.0,gò vấp,0.15833333333333333
3.0,49.0,1.0,1.0,quận 8,0.061224489795918366
13.0,95.7,3.0,2.0,quận 2,0.13584117032392895
5.0,83.0,3.0,2.0,quận 7,0.060240963855421686
24.9,189.0,16.0,17.0,quận 2,0.13174603174603175
9.1,84.66,2.0,2.0,quận 2,0.10748877864398772
9.3,57.0,1.0,1.0,quận 2,0.1631578947368421
5.4,114.0,3.0,2.0,quận 7,0.04736842105263158
3.4,70.0,2.0,2.0,nhà bè,0.04857142857142857
3.3,81.7,3.0,2.0,quận 9,0.04039167686658506
3.9,74.0,2.0,2.0,quận 9,0.0527027027027027
14.8,93.0,10.0,10.0,gò vấp,0.15913978494623657
4.7,115.0,2.0,2.0,quận 8,0.0408695652173913
6.75,80.0,2.0,2.0,quận 4,0.084375
37.0,325.9,4.0,6.0,quận 2,0.11353175820803929
11.0,135.0,3.0,2.0,bình thạnh,0.08148148148148149
2.3,59.1,2.0,1.0,quận 9,0.03891708967851099
2.2,52.0,1.0,1.0,quận 6,0.04230769230769231
9.7,75.0,3.0,3.0,quận 9,0.12933333333333333
3.7,69.19,2.0,2.0,quận 7,0.05347593582887701
24.0,127.0,3.0,2.0,quận 2,0.1889763779527559
2.48,59.0,2.0,1.0,quận 9,0.04203389830508474
9.9,91.0,2.0,2.0,quận 2,0.1087912087912088
2.7,69.0,2.0,2.0,quận 9,0.0391304347826087
7.9,73.0,2.0,2.0,quận 2,0.10821917808219178
13.0,112.0,3.0,2.0,quận 2,0.11607142857142858
3.8,66.0,2.0,2.0,quận 7,0.05757575757575757
1.77,55.0,1.0,1.0,quận 3,0.03218181818181818
36.0,120.0,3.0,2.0,quận 2,0.3
35.0,197.0,4.0,0.0,bình thạnh,0.17766497461928935
10.9,86.0,3.0,4.0,tân bình,0.12674418604651164
2.4,57.0,2.0,1.0,quận 7,0.042105263157894736
6.6,79.0,2.0,2.0,quận 10,0.08354430379746836
3.66,1.0,2.0,2.0,quận 3,3.66
9.0,76.2,2.0,2.0,quận 2,0.11811023622047244
7.9,79.0,3.0,2.0,quận 3,0.1
4.2,87.0,3.0,2.0,quận 5,0.04827586206896552
4.35,48.0,1.0,1.0,quận 2,0.090625
1.78,46.5,1.0,1.0,quận 9,0.038279569892473116
6.3,110.0,3.0,2.0,quận 7,0.057272727272727274
17.9,158.0,4.0,5.0,quận 7,0.11329113924050632
3.2,69.2,2.0,2.0,quận 9,0.046242774566473986
18.0,80.0,2.0,2.0,quận 2,0.225
1.389,60.0,2.0,1.0,quận 9,0.02315
23.0,142.0,3.0,3.0,quận 2,0.1619718309859155
10.39,121.0,3.0,2.0,quận 1,0.08586776859504133
3.4,66.66,2.0,2.0,quận 7,0.051005100510051006
2.75,70.0,2.0,2.0,quận 9,0.039285714285714285
4.4,70.0,2.0,2.0,nhà bè,0.06285714285714286
3.0,66.5,2.0,2.0,quận 9,0.045112781954887216
3.65,44.0,1.0,1.0,quận 7,0.08295454545454545
4.13,63.0,2.0,1.0,quận 7,0.06555555555555555
2.15,106.6,3.0,2.0,quận 3,0.020168855534709193
9.8,94.0,3.0,2.0,quận 2,0.10425531914893618
1.77,60.0,2.0,1.0,quận 3,0.029500000000000002
2.85,67.5,2.0,2.0,quận 9,0.042222222222222223
33.4,144.0,4.0,4.0,quận 1,0.23194444444444443
12.9,95.7,3.0,2.0,quận 2,0.13479623824451412
1.53,75.0,2.0,2.0,quận 4,0.0204
3.6,82.0,2.0,2.0,quận 3,0.04390243902439025
4.5,115.0,2.0,2.0,quận 8,0.0391304347826087
2.2,59.0,2.0,1.0,quận 9,0.03728813559322034
13.2,250.0,35.0,5.0,quận 9,0.0528
3.1,70.0,2.0,2.0,quận 9,0.04428571428571429
1.4,73.0,2.0,1.0,quận 5,0.01917808219178082
9.0,76.8,2.0,2.0,quận 2,0.1171875
3.925,87.0,2.0,2.0,bình thạnh,0.04511494252873563
6.2,65.0,2.0,1.0,quận 4,0.09538461538461539
4.6,70.0,2.0,2.0,nhà bè,0.06571428571428571
2.95,98.0,3.0,3.0,quận 3,0.03010204081632653
2.8,69.0,2.0,2.0,quận 9,0.04057971014492753
13.5,100.0,2.0,2.0,quận 2,0.135
15.9,108.0,3.0,2.0,bình thạnh,0.14722222222222223
12.0,59.22,1.0,1.0,quận 2,0.20263424518743667
8.7,81.0,2.0,2.0,quận 2,0.1074074074074074
1.37,30.9,1.0,1.0,quận 9,0.044336569579288033
5.1,80.0,2.0,2.0,quận 9,0.06375
10.3,74.0,2.0,2.0,quận 2,0.1391891891891892
1.15,95.0,3.0,2.0,quận 8,0.012105263157894735
1.86,68.0,2.0,2.0,quận 8,0.02735294117647059
14.9,100.0,15.0,15.0,bình thạnh,0.149
5.69,95.0,3.0,2.0,bình chánh,0.059894736842105264
8.48,121.0,3.0,2.0,tân phú,0.07008264462809918
6.1,57.0,1.0,1.0,quận 2,0.10701754385964912
6.7,72.86,2.0,2.0,quận 9,0.09195717814987647
2.67,86.0,2.0,2.0,tân phú,0.031046511627906975
2.26,1.0,2.0,2.0,quận 3,2.26
33.0,160.68,3.0,2.0,quận 2,0.20537714712471994
3.0,59.2,2.0,2.0,quận 9,0.05067567567567567
2.0,28.6,1.0,1.0,quận 9,0.06993006993006992
5.45,84.0,2.0,2.0,thủ đức,0.06488095238095239
5.5,41.0,1.0,1.0,quận 6,0.13414634146341464
17.8,79.0,2.0,2.0,quận 1,0.22531645569620254
11.7,88.0,2.0,2.0,quận 2,0.13295454545454544
1.25,30.0,1.0,1.0,quận 9,0.041666666666666664
18.9,130.0,3.0,2.0,bình thạnh,0.14538461538461536
13.0,93.2,3.0,2.0,quận 2,0.13948497854077252
4.2,69.16,2.0,2.0,nhà bè,0.06072874493927126
3.25,55.0,2.0,2.0,quận 9,0.05909090909090909
1.98,49.0,2.0,1.0,bình thạnh,0.04040816326530612
1.55,85.0,3.0,2.0,quận 8,0.018235294117647058
11.0,96.4,3.0,2.0,quận 2,0.11410788381742738
3.28,69.0,2.0,2.0,quận 9,0.04753623188405797
4.4,69.11,2.0,2.0,nhà bè,0.06366661843437998
49.0,160.0,4.0,2.0,quận 1,0.30625
7.8,73.2,2.0,2.0,quận 2,0.10655737704918032
28.0,188.0,4.0,3.0,bình thạnh,0.14893617021276595
17.3,105.0,3.0,3.0,quận 2,0.16476190476190478
12.8,124.0,3.0,2.0,quận 2,0.1032258064516129
5.3,66.81,2.0,2.0,quận 7,0.07932944170034426
6.5,58.0,2.0,1.0,quận 3,0.11206896551724138
11.0,138.0,3.0,3.0,quận 10,0.07971014492753623
23.0,217.0,3.0,2.0,quận 2,0.10599078341013825
11.0,110.0,3.0,2.0,quận 7,0.1
2.9,67.8,2.0,2.0,quận 9,0.04277286135693215
14.8,177.0,4.0,4.0,quận 7,0.08361581920903956
4.4,71.03,2.0,2.0,nhà bè,0.061945656764747295
5.5,66.0,2.0,2.0,quận 7,0.08333333333333333
1.5699999999999998,72.0,2.0,2.0,quận 3,0.021805555555555554
12.0,120.0,3.0,2.0,bình thạnh,0.1
7.0,71.7,2.0,2.0,quận 2,0.09762900976290097
2.65,69.2,2.0,2.0,quận 9,0.038294797687861266
7.8,94.0,2.0,2.0,quận 7,0.08297872340425531
9.8,87.0,2.0,2.0,quận 10,0.11264367816091955
9.2,66.0,6.0,6.0,bình thạnh,0.13939393939393938
6.0,54.0,2.0,2.0,tân phú,0.1111111111111111
7.5,87.0,2.0,2.0,quận 2,0.08620689655172414
2.85,85.0,2.0,3.0,quận 7,0.033529411764705884
12.5,76.0,2.0,1.0,quận 1,0.16447368421052633
1.18,79.0,2.0,2.0,quận 8,0.014936708860759493
5.3,70.0,2.0,2.0,quận 7,0.0757142857142857
4.15,65.0,2.0,1.0,quận 7,0.06384615384615386
4.9,95.0,3.0,2.0,nhà bè,0.05157894736842106
2.9,69.2,2.0,2.0,quận 9,0.04190751445086705
1.735,60.0,2.0,2.0,quận 3,0.028916666666666667
2.2,62.0,2.0,1.0,bình thạnh,0.035483870967741936
3.5,66.0,2.0,2.0,quận 7,0.05303030303030303
53.0,205.0,4.0,3.0,quận 1,0.25853658536585367
8.3,104.0,2.0,2.0,quận 10,0.07980769230769232
59.0,160.0,4.0,0.0,quận 1,0.36875
20.0,56.0,1.0,1.0,quận 1,0.35714285714285715
4.5,73.93,2.0,2.0,quận 9,0.06086838901663735
23.5,153.0,4.0,3.0,bình thạnh,0.15359477124183007
29.5,181.0,20.0,20.0,bình thạnh,0.16298342541436464
3.5,100.0,2.0,2.0,quận 5,0.035
7.8,76.8,2.0,2.0,quận 2,0.1015625
9.699,230.0,18.0,18.0,quận 9,0.042169565217391305
17.5,69.0,2.0,2.0,quận 2,0.2536231884057971
0.007,30.0,1.0,1.0,quận 3,0.00023333333333333333
2.3,61.5,2.0,2.0,quận 9,0.03739837398373983
1.36,67.0,2.0,2.0,bình thạnh,0.02029850746268657
13.5,116.0,3.0,2.0,bình thạnh,0.11637931034482758
13.5,144.0,4.0,4.0,quận 9,0.09375
6.68,75.0,4.0,5.0,gò vấp,0.08906666666666667
3.2,60.0,2.0,1.0,quận 5,0.05333333333333334
3.9,59.8,2.0,0.0,bình chánh,0.06521739130434782
65.0,340.0,4.0,4.0,quận 2,0.19117647058823528
5.7,150.0,3.0,2.0,quận 8,0.038
2.65,65.0,2.0,1.0,quận 9,0.040769230769230766
14.8,77.0,4.0,5.0,tân phú,0.19220779220779222
1.15,71.0,2.0,2.0,quận 5,0.01619718309859155
3.9,74.0,2.0,2.0,quận 7,0.0527027027027027
12.0,120.0,3.0,2.0,quận 2,0.1
1.53,70.0,2.0,2.0,quận 6,0.021857142857142856
4.2,106.0,2.0,2.0,quận 8,0.03962264150943397
4.5,115.0,2.0,2.0,quận 8,0.0391304347826087
3.0,59.2,2.0,2.0,quận 9,0.05067567567567567
1.28,60.0,2.0,2.0,quận 9,0.021333333333333333
2.88,65.5,2.0,2.0,quận 9,0.04396946564885496
3.85,85.0,2.0,2.0,quận 10,0.045294117647058825
3.29,141.0,3.0,2.0,bình thạnh,0.023333333333333334
2.4,37.0,1.0,1.0,quận 7,0.06486486486486487
2.3,67.6,2.0,2.0,quận 9,0.034023668639053255
15.0,83.0,2.0,2.0,quận 2,0.18072289156626506
16.0,80.0,10.0,10.0,bình thạnh,0.2
1.86,68.0,2.0,2.0,quận 3,0.02735294117647059
7.235,50.0,1.0,1.0,quận 1,0.1447
8.6,108.0,3.0,2.0,quận 10,0.07962962962962962
4.9,69.5,2.0,2.0,nhà bè,0.07050359712230217
4.3,52.33,2.0,1.0,quận 7,0.08217083890693674
3.7,61.0,2.0,1.0,quận 4,0.060655737704918035
1.88,88.0,2.0,2.0,quận 3,0.021363636363636362
5.8,114.0,3.0,2.0,quận 7,0.05087719298245614
5.7,71.42,2.0,2.0,nhà bè,0.07980957714925792
2.6,69.0,2.0,2.0,quận 9,0.03768115942028986
4.95,86.0,3.0,2.0,quận 7,0.05755813953488372
3.25,53.8,1.0,1.0,quận 9,0.0604089219330855
24.6,69.0,2.0,2.0,quận 2,0.3565217391304348
21.0,129.0,3.0,2.0,quận 2,0.16279069767441862
4.0,81.0,3.0,2.0,quận 9,0.04938271604938271
27.95,75.0,2.0,2.0,quận 1,0.37266666666666665
6.5,151.0,7.0,7.0,quận 9,0.04304635761589404
15.6,86.0,2.0,2.0,quận 2,0.18139534883720929
17.0,144.0,4.0,4.0,quận 3,0.11805555555555555
7.3,77.0,2.0,2.0,quận 7,0.09480519480519481
8.3,89.0,2.0,2.0,bình thạnh,0.09325842696629215
23.0,142.0,3.0,3.0,quận 2,0.1619718309859155
7.5,96.0,2.0,2.0,tân phú,0.078125
2.35,58.5,2.0,1.0,quận 9,0.040170940170940174
23.0,140.0,3.0,2.0,quận 2,0.16428571428571428
19.9,382.5,20.0,20.0,quận 9,0.05202614379084967
15.0,100.0,2.0,2.0,quận 2,0.15
4.95,73.0,2.0,2.0,quận 10,0.06780821917808219
17.0,116.0,3.0,3.0,quận 1,0.14655172413793102
4.5,70.0,2.0,2.0,quận 9,0.06428571428571428
43.0,139.0,2.0,2.0,quận 1,0.30935251798561153
5.5,103.96,3.0,2.0,nhà bè,0.0529049634474798
9.0,100.0,3.0,2.0,quận 4,0.09
13.5,91.0,8.0,8.0,tân bình,0.14835164835164835
68.0,138.0,3.0,2.0,quận 2,0.4927536231884058
7.9,99.0,2.0,2.0,quận 7,0.0797979797979798
8.4,71.7,2.0,2.0,quận 2,0.11715481171548117
7.8,55.06,1.0,1.0,quận 2,0.1416636396658191
25.0,63.12,1.0,1.0,quận 1,0.3960709759188847
4.4,70.0,2.0,2.0,nhà bè,0.06285714285714286
9.6,72.0,2.0,2.0,bình thạnh,0.13333333333333333
5.4,79.0,2.0,1.0,nhà bè,0.06835443037974684
6.3,57.77,1.0,1.0,quận 2,0.10905314176908429
3.0,72.0,2.0,2.0,bình thạnh,0.041666666666666664
22.5,1182.0,48.0,48.0,quận 9,0.01903553299492386
7.2,72.0,2.0,2.0,quận 3,0.1
1.125,59.0,2.0,2.0,quận 9,0.019067796610169493
14.0,154.0,3.0,2.0,quận 2,0.09090909090909091
3.6,82.0,2.0,2.0,quận 3,0.04390243902439025
6.8,84.0,2.0,2.0,quận 7,0.08095238095238096
7.6,54.0,1.0,1.0,bình thạnh,0.14074074074074072
3.3,53.91,1.0,1.0,quận 9,0.06121313299944352
2.9,45.0,2.0,2.0,quận 4,0.06444444444444444
8.3,96.0,3.0,2.0,quận 2,0.08645833333333335
15.0,105.0,2.0,2.0,bình thạnh,0.14285714285714285
4.85,103.6,3.0,2.0,quận 9,0.04681467181467181
17.9,215.0,6.0,4.0,gò vấp,0.08325581395348837
8.4,76.2,2.0,2.0,quận 2,0.11023622047244094
5.85,48.0,20.0,2.0,tân phú,0.121875
1.45,64.0,2.0,2.0,quận 3,0.02265625
19.0,142.0,3.0,3.0,quận 2,0.13380281690140844
3.2,56.0,2.0,1.0,bình tân,0.05714285714285715
1.505,110.0,3.0,3.0,quận 2,0.01368181818181818
1.15,71.0,2.0,2.0,quận 5,0.01619718309859155
33.0,118.5,3.0,2.0,quận 1,0.27848101265822783
55.0,165.0,3.0,2.0,quận 1,0.3333333333333333
1.8,46.5,1.0,1.0,quận 9,0.03870967741935484
13.0,113.0,3.0,2.0,quận 2,0.11504424778761062
9.18,100.0,3.0,2.0,quận 9,0.09179999999999999
3.69,66.66,2.0,2.0,quận 7,0.05535553555355536
6.2,65.0,2.0,1.0,quận 4,0.09538461538461539
7.0,102.0,3.0,2.0,quận 10,0.06862745098039216
26.0,160.0,4.0,3.0,bình thạnh,0.1625
1.6800000000000002,60.0,2.0,2.0,quận 9,0.028000000000000004
3.205,72.0,2.0,2.0,quận 3,0.04451388888888889
20.5,127.0,3.0,2.0,quận 2,0.16141732283464566
5.15,73.0,2.0,2.0,quận 10,0.07054794520547945
23.0,150.0,4.0,3.0,bình thạnh,0.15333333333333332
12.0,93.2,3.0,2.0,quận 2,0.12875536480686695
3.19,53.0,1.0,1.0,quận 7,0.06018867924528302
6.8,81.0,7.0,7.0,tân bình,0.08395061728395062
3.15,73.0,2.0,2.0,quận 9,0.043150684931506846
2.445,74.0,2.0,2.0,quận 8,0.033040540540540536
4.52,74.4,2.0,2.0,quận 9,0.060752688172043
6.8,82.0,2.0,2.0,quận 7,0.08292682926829269
24.12,220.0,3.0,4.0,quận 2,0.10963636363636364
2.8,70.0,2.0,2.0,quận 9,0.04
2.68,69.3,2.0,2.0,quận 9,0.03867243867243868
5.69,63.0,3.0,2.0,gò vấp,0.09031746031746032
1.584,84.0,2.0,2.0,quận 5,0.018857142857142857
8.0,73.2,2.0,2.0,quận 2,0.1092896174863388
2.9,59.0,2.0,2.0,quận 9,0.04915254237288135
180.0,360.0,4.0,3.0,quận 2,0.5
1.82,78.0,2.0,2.0,quận 10,0.023333333333333334
1.75,85.0,2.0,2.0,quận 5,0.020588235294117647
30.5,127.0,3.0,2.0,quận 2,0.24015748031496062
5.2,55.0,3.0,2.0,quận 9,0.09454545454545454
3.52,69.0,2.0,2.0,quận 7,0.051014492753623186
4.4,69.36,2.0,2.0,nhà bè,0.06343713956170705
66.0,250.0,3.0,3.0,quận 2,0.264
17.3,75.0,2.0,2.0,quận 2,0.2306666666666667
2.025,55.0,1.0,1.0,quận 3,0.03681818181818182
10.5,107.0,3.0,2.0,quận 2,0.09813084112149532
24.5,160.0,5.0,6.0,thủ đức,0.153125
2.9,58.5,1.0,1.0,quận 9,0.04957264957264957
1.25,20.0,1.0,1.0,quận 5,0.0625
13.2,97.0,3.0,0.0,quận 1,0.1360824742268041
6.5,80.0,2.0,2.0,quận 4,0.08125
1.98,47.2,1.0,1.0,quận 9,0.04194915254237288
1.1,68.0,2.0,2.0,quận 3,0.016176470588235296
1.58,71.0,2.0,2.0,quận 4,0.022253521126760566
2.5,60.0,2.0,1.0,quận 9,0.041666666666666664
30.59,530.5,6.0,6.0,tân phú,0.05766258246936852
6.5,99.0,3.0,2.0,nhà bè,0.06565656565656566
9.2,96.0,2.0,2.0,quận 2,0.09583333333333333
5.5,76.15,2.0,2.0,quận 9,0.072225869993434
3.5,50.0,2.0,2.0,quận 9,0.07
4.4,78.0,2.0,2.0,bình chánh,0.05641025641025642
4.8,84.0,3.0,2.0,quận 5,0.05714285714285714
14.5,137.0,3.0,3.0,quận 2,0.10583941605839416
3.0,75.0,3.0,3.0,quận 9,0.04
16.9,80.0,14.0,15.0,bình thạnh,0.21125
1.595,60.0,2.0,1.0,quận 3,0.026583333333333334
1.99,72.0,2.0,2.0,quận 3,0.02763888888888889
1.535,62.0,2.0,2.0,quận 5,0.02475806451612903
8.6,48.0,1.0,1.0,quận 1,0.17916666666666667
