price,area,bedrooms,bathrooms,address
20.6,58.1,1,1,quận 1
20,56,1,1,quận 1
8.9,51,1,1,quận 1
9.5,50,1,1,quận 1
10.2,48,1,1,quận 1
8.5,52,1,1,quận 2
13.7,64,1,1,quận 2
7.3,60,1,1,quận 2
7,55,1,0,quận 2
11.3,64,1,1,quận 2
12,50,1,1,quận 2
8,81,1,1,quận 2
12,50,1,1,quận 2
13.5,50,1,1,quận 2
4.2,52,1,0,quận 2
3.8,49,1,1,quận 2
4.35,48,1,1,quận 2
6.3,52,1,1,quận 2
180,500,1,1,quận 2
6.9,54.8,1,1,quận 2
4.3,65,1,0,quận 2
1.25,20,1,1,quận 5
3.9,51,1,1,quận 6
2.99,53,1,1,quận 7
2.67,50,1,1,quận 7
2.55,50,1,1,quận 7
2.9,53.68,1,1,quận 7
2.7,53,1,1,quận 7
2.48,50,1,1,quận 7
25,200,1,1,quận 7
6.3,46,1,1,quận 7
2.6,50,1,1,quận 7
3.6,55,1,1,quận 7
2.5,53,1,1,quận 7
3.19,53,1,1,quận 7
3,49,1,1,quận 8
2.3,52,1,1,quận 8
2.28,48,1,1,quận 9
3,65,1,1,quận 9
3,65,1,1,quận 9
2.9,63,1,1,quận 9
3,65,1,1,quận 9
1.95,31,1,1,quận 9
4,54,1,1,quận 9
2.59,47,1,1,quận 9
3.2,64,1,2,quận 9
3.25,55,1,1,quận 9
2.85,34,1,1,quận 9
2.45,55,1,1,quận 9
2.65,47,1,1,quận 9
3.1,63,1,1,quận 9
7,72.5,1,1,quận 10
0.797,30,1,1,quận 12
1.32,40,1,1,bình chánh
3.2,40,1,1,phú nhuận
3.2,40,1,1,phú nhuận
3.29,51,1,1,bình tân
4.2,50,1,1,bình tân
2.7,50.6,1,1,tân bình
2.6,52,1,1,tân bình
2.65,52,1,1,tân bình
2.8,50,1,1,tân bình
2.65,50,1,1,tân bình
6.4,48,1,1,bình thạnh
7.6,54,1,1,bình thạnh
5.9,52,1,1,bình thạnh
3.61,53,1,1,tân phú
3.6,53,1,1,tân phú
2.2,50,1,1,nhà bè
3,47,1,1,nhà bè
3.1,47,1,1,nhà bè
3.8,56,1,1,nhà bè
2.25,52,1,1,nhà bè
2.35,52,1,1,nhà bè
2.4,53,1,1,thủ đức
27.5,120,1,5,thủ đức
11.8,79,2,2,quận 1
13.5,77,2,2,quận 1
14.8,66,2,2,quận 1
31,78,2,2,quận 1
33,78,2,0,quận 1
6.7,52,2,1,quận 1
22,63,2,2,quận 1
10.5,68.25,2,0,quận 1
7,63.5,2,2,quận 2
10.5,74.2,2,2,quận 2
8,80,2,2,quận 2
8.4,80,2,2,quận 2
8.5,78,2,0,quận 2
8.8,72,2,2,quận 2
11,79,2,2,quận 2
18.5,107,2,2,quận 2
16.9,83,2,2,quận 2
21,80,2,2,quận 2
27,100,2,2,quận 2
24.6,69,2,2,quận 2
6.9,68,2,2,quận 2
7.4,72,2,2,quận 2
8.7,81,2,2,quận 2
9.3,85,2,2,quận 2
8.5,71,2,2,quận 2
11.8,89,2,2,quận 2
12,89,2,2,quận 2
10.3,74,2,2,quận 2
8.4,90,2,2,quận 2
7.9,77,2,2,quận 2
8,80,2,0,quận 2
16.5,94,2,2,quận 2
18,97,2,2,quận 2
5.7,68,2,2,quận 2
10,94,2,2,quận 2
9.25,70,2,0,quận 2
10.6,75,2,2,quận 2
11,76,2,2,quận 2
24.8,70,2,2,quận 2
3.4,62,2,1,quận 2
4.25,53,2,1,quận 2
6.2,70,2,2,quận 2
8.3,80,2,2,quận 2
11.5,72,2,0,quận 2
4.9,65,2,2,quận 2
5.2,73,2,2,quận 2
7.5,87,2,2,quận 2
9.5,98,2,2,quận 2
8.3,85,2,2,quận 2
7,74,2,2,quận 2
7.8,73,2,2,quận 2
9.9,91,2,2,quận 2
23,107,2,2,quận 2
5.2,65,2,2,quận 2
9.2,96,2,2,quận 2
7.2,72,2,2,quận 2
17.5,90,2,2,quận 2
22,92,2,2,quận 2
6.9,88,2,0,quận 2
12.3,75,2,2,quận 2
18.5,107,2,2,quận 2
17.5,94,2,2,quận 2
3.1,55,2,2,quận 2
6.2,90,2,2,quận 2
6.6,71,2,2,quận 2
8.3,79,2,0,quận 2
8.8,77,2,2,quận 2
3.15,47.15,2,3,quận 3
5.5,58,2,1,quận 3
7.7,72,2,2,quận 3
6.5,58,2,1,quận 3
2.5,45,2,0,quận 3
6.2,58,2,1,quận 3
7.9,43,2,2,quận 3
5.4,58,2,1,quận 3
1.89,10,2,2,quận 3
6.64,83,2,2,quận 4
6.2,82,2,2,quận 4
6.75,80,2,2,quận 4
7.5,90,2,2,quận 4
7.2,84,2,2,quận 4
5.9,60,2,1,quận 4
7.6,80,2,2,quận 4
6.8,65,2,1,quận 4
6.2,65,2,1,quận 4
6.2,65,2,1,quận 4
7.37,75,2,2,quận 4
8.2,76,2,2,quận 4
4.5,82,2,2,quận 4
6.85,81,2,2,quận 4
7.9,75,2,2,quận 4
8,82,2,2,quận 4
8.5,87,2,2,quận 5
11,90,2,2,quận 5
2.45,60.5,2,1,quận 5
1.79,70,2,0,quận 5
2.45,60,2,1,quận 5
9.3,86,2,2,quận 5
12,90,2,2,quận 5
5.1,70,2,2,quận 6
5.2,70,2,2,quận 6
5.2,70,2,2,quận 6
4.1,84,2,2,quận 6
2.5,50,2,1,quận 6
2.4,57,2,1,quận 7
3.7,72,2,2,quận 7
3.7,70,2,2,quận 7
3.7,67,2,2,quận 7
4.58,75,2,2,quận 7
5.55,66,2,2,quận 7
5.5,66,2,2,quận 7
5.68,65,2,2,quận 7
8,100,2,2,quận 7
3.52,69,2,2,quận 7
3.8,66,2,2,quận 7
5.2,93,2,2,quận 7
5.6,76,2,2,quận 7
7,82,2,2,quận 7
7.5,181,2,2,quận 7
3.5,67,2,2,quận 7
5.45,75,2,2,quận 7
7.8,94,2,2,quận 7
4.48,82,2,2,quận 7
4.65,72,2,2,quận 7
7.9,99,2,2,quận 7
3.69,66.66,2,2,quận 7
2.85,85,2,3,quận 7
4,70,2,2,quận 7
3.45,70,2,2,quận 7
7.9,100,2,2,quận 7
7.3,77,2,2,quận 7
2.6,53,2,1,quận 7
6.3,70.02,2,2,quận 7
4.55,82,2,2,quận 7
3.58,55,2,1,quận 7
4.5,69,2,2,quận 7
8,97,2,2,quận 7
8,97,2,2,quận 7
7.6,79,2,2,quận 7
10.2,86,2,2,quận 7
9.45,80.5,2,2,quận 7
2.79,85,2,2,quận 7
2.95,73,2,1,quận 7
5.69,81,2,2,quận 7
5.35,76,2,2,quận 7
5.5,75,2,2,quận 7
4.15,57,2,1,quận 7
4.15,57,2,2,quận 7
7.5,78,2,2,quận 7
3.4,66.66,2,2,quận 7
8.5,88,2,2,quận 7
10.3,98,2,2,quận 7
23,150,2,2,quận 7
3.15,66.7,2,1,quận 8
2.65,73,2,2,quận 8
2.35,62,2,2,quận 8
2.19,51,2,1,quận 8
3.35,60,2,2,quận 8
7.5,77.4,2,2,quận 8
2.65,74,2,2,quận 8
2.99,66,2,2,quận 8
2.25,62,2,2,quận 8
3.35,60,2,2,quận 8
5.52,77.27,2,2,quận 9
4,73.3,2,0,quận 9
2.8,70,2,2,quận 9
2.4,63,2,1,quận 9
2.9,60,2,2,quận 9
3.95,79,2,2,quận 9
3.9,74,2,2,quận 9
3.6,70,2,2,quận 9
3,65,2,1,quận 9
3,60,2,2,quận 9
3.5,59,2,2,quận 9
3.12,59,2,2,quận 9
4.8,68,2,2,quận 9
4.9,68,2,2,quận 9
5.1,80,2,2,quận 9
3.57,79,2,2,quận 9
3.5,74,2,2,quận 9
2.45,47,2,1,quận 9
3.1,63,2,1,quận 9
3.1,63,2,1,quận 9
5.76,80,2,2,quận 9
6,80,2,2,quận 9
3.3,69,2,2,quận 9
3.25,55,2,2,quận 9
2.8,58,2,2,quận 9
3.1,63,2,2,quận 9
4.25,75,2,2,quận 9
3.45,54,2,1,quận 9
5.54,80,2,2,quận 9
2.96,59,2,1,quận 9
3.39,79,2,2,quận 9
3.75,73,2,2,quận 9
3.92,69,2,2,quận 9
3.25,65,2,2,quận 9
4.45,73,2,2,quận 9
4.15,67,2,2,quận 9
4.1,72.6,2,2,quận 9
2.5,56,2,1,quận 9
3.9,73,2,2,quận 9
3.35,67,2,0,quận 9
3.4,67,2,2,quận 9
3.15,65,2,1,quận 9
4,72,2,2,quận 9
4.3,59,2,0,quận 9
3.8,74,2,2,quận 9
2.5,47,2,2,quận 9
3.3,69,2,2,quận 9
4.55,70,2,2,quận 9
5.3,74,2,2,quận 9
4.4,74,2,2,quận 9
4.35,72,2,2,quận 9
5.44,80,2,2,quận 9
10.47,86.9,2,2,quận 10
8.8,86,2,2,quận 10
9.8,87,2,2,quận 10
9.3,87,2,2,quận 10
9.8,86,2,2,quận 10
9.8,86,2,2,quận 10
10.52,87,2,2,quận 10
3.85,85,2,2,quận 10
9.7,87,2,2,quận 10
9,87,2,2,quận 10
6.6,79,2,2,quận 10
16,90.48,2,2,quận 11
3.9,65,2,0,quận 12
11,102,2,2,quận 12
2.45,50,2,2,quận 12
2.75,65,2,2,quận 12
2.5,54,2,2,quận 12
3.59,71,2,2,quận 12
3.8,65,2,2,quận 12
0.0362,58,2,1,bình chánh
1.4,55,2,2,bình chánh
1.89,50,2,2,bình chánh
1.87,50,2,2,bình chánh
2.6,59,2,2,bình chánh
2.6,59,2,2,bình chánh
3.9,61,2,1,bình chánh
4.55,78,2,2,bình chánh
3.9,59.8,2,0,bình chánh
1.3,60,2,2,bình chánh
1.07,55,2,2,bình chánh
1.5,53,2,2,bình chánh
1.7,50,2,2,bình chánh
1,45,2,1,bình chánh
2.6,59,2,2,bình chánh
2.65,59,2,2,bình chánh
2.65,59,2,2,bình chánh
2.58,59,2,2,bình chánh
5,78,2,2,bình chánh
3.18,69,2,2,bình chánh
3.9,60,2,1,bình chánh
4.4,78,2,2,bình chánh
4.6,73,2,2,bình chánh
5.2,78,2,2,bình chánh
6,70,2,2,phú nhuận
6.9,83,2,2,phú nhuận
6.5,78,2,2,phú nhuận
3.69,61,2,1,bình tân
3.2,56,2,1,bình tân
4.3,74,2,2,bình tân
4.1,68,2,2,bình tân
4.2,68,2,2,bình tân
3.25,70,2,2,bình tân
4,69,2,2,bình tân
3.7,61,2,1,bình tân
3.7,61,2,1,bình tân
4.5,80,2,2,bình tân
4.5,80,2,2,bình tân
4.65,80,2,2,bình tân
4.2,75,2,2,bình tân
1.92,48,2,2,gò vấp
1.92,48,2,2,gò vấp
2.15,53,2,2,gò vấp
2,50,2,2,gò vấp
2,50,2,2,gò vấp
1.88,47,2,2,gò vấp
1.92,48,2,2,gò vấp
1.95,48,2,2,gò vấp
2.6,25,2,1,gò vấp
7,47,2,2,gò vấp
6.49,45,2,2,tân bình
3.95,21,2,3,tân bình
6.7,38,2,2,tân bình
3.15,65,2,2,tân bình
4.8,73,2,2,tân bình
3,72,2,2,tân bình
4.79,72,2,2,tân bình
7.99,83,2,2,bình thạnh
8.3,89,2,2,bình thạnh
8,87,2,0,bình thạnh
8,86,2,2,bình thạnh
8.3,82,2,2,bình thạnh
12.8,86,2,2,bình thạnh
2,50,2,0,bình thạnh
8.1,88,2,2,bình thạnh
8.9,82,2,2,bình thạnh
8.5,80,2,2,bình thạnh
13.8,107,2,2,bình thạnh
13.7,107,2,2,bình thạnh
9.6,72,2,2,bình thạnh
15,105,2,2,bình thạnh
8.5,86,2,2,bình thạnh
12,108,2,0,bình thạnh
8.5,89,2,2,bình thạnh
9.8,82,2,2,bình thạnh
14.4,106,2,2,bình thạnh
12.8,95,2,2,bình thạnh
9.9,82,2,2,bình thạnh
2.75,61,2,1,bình thạnh
2.1,51,2,1,bình thạnh
2.4,45,2,1,bình thạnh
16,105,2,2,bình thạnh
3,72,2,2,bình thạnh
8.3,89,2,2,bình thạnh
2.65,20,2,2,bình thạnh
14.21,98,2,2,bình thạnh
6.9,86.6,2,2,tân phú
7,85.3,2,2,tân phú
7.5,96,2,2,tân phú
3.5,68,2,2,tân phú
3.6,68,2,2,tân phú
6,54,2,2,tân phú
3.95,81.5,2,2,tân phú
6.65,88.8,2,2,tân phú
2.67,86,2,2,tân phú
2.9,54,2,1,tân phú
6.4,85,2,2,tân phú
3.85,33,2,2,tân phú
3.6,78,2,2,tân phú
3.6,65,2,2,tân phú
4.72,72,2,2,tân phú
4,63,2,1,tân phú
4.15,100,2,2,nhà bè
3.5,56,2,1,nhà bè
3.5,56,2,1,nhà bè
3.5,56,2,0,nhà bè
3.7,56,2,1,nhà bè
3.2,54,2,1,nhà bè
4.5,71,2,2,nhà bè
5.4,79,2,1,nhà bè
6,81,2,2,nhà bè
5,65,2,2,nhà bè
3.97,63,2,2,nhà bè
4.7,70,2,2,nhà bè
5.7,80,2,2,nhà bè
5.3,80,2,2,nhà bè
5.7,76,2,2,nhà bè
3.8,66,2,2,nhà bè
3.8,60,2,2,nhà bè
4.1,71,2,2,nhà bè
4.85,70,2,2,nhà bè
4,65,2,2,nhà bè
5.7,80,2,2,nhà bè
5.9,80,2,2,nhà bè
2.4,52,2,1,nhà bè
2.6,48,2,1,nhà bè
4.75,78,2,2,nhà bè
4.6,70,2,2,nhà bè
4.69,67,2,2,nhà bè
3.9,62,2,2,nhà bè
4.5,72,2,2,nhà bè
3.3,52,2,1,nhà bè
3.1,70,2,2,thủ đức
3.17,69,2,2,thủ đức
5.2,78,2,2,thủ đức
3.75,68,2,2,thủ đức
4.05,68,2,2,thủ đức
5.4,80,2,2,thủ đức
2.14,57,2,2,thủ đức
3.1,70,2,2,thủ đức
3.45,61,2,1,thủ đức
3.35,59,2,0,thủ đức
5.97,79.21,2,2,thủ đức
5.45,84,2,2,thủ đức
5.3,65,2,2,thủ đức
3.99,53,2,2,thủ đức
33,118.5,3,2,quận 1
21.98,96,3,2,quận 1
55.9,145,3,2,quận 1
55.9,145,3,2,quận 1
13.2,97,3,0,quận 1
24.6,110,3,3,quận 1
21.5,110,3,2,quận 1
23.8,139,3,3,quận 2
25,140,3,2,quận 2
24.5,115,3,2,quận 2
11.2,98.5,3,2,quận 2
14.5,137,3,3,quận 2
14.7,117,3,2,quận 2
8.87,102,3,2,quận 2
9.8,94,3,2,quận 2
36,217,3,4,quận 2
19.5,104,3,2,quận 2
21.3,102,3,2,quận 2
41,157,3,3,quận 2
10.5,107,3,2,quận 2
15.5,143,3,3,quận 2
26,125,3,2,quận 2
8.5,96,3,2,quận 2
9.2,96,3,2,quận 2
22.75,216,3,4,quận 2
38,129,3,2,quận 2
55,145,3,3,quận 2
8.9,109,3,2,quận 2
9.28,109,3,2,quận 2
15.6,132,3,2,quận 2
17,145,3,0,quận 2
17,143,3,3,quận 2
29,220,3,4,quận 2
17.3,105,3,3,quận 2
3.9,80,3,3,quận 2
6.5,75,3,2,quận 2
8.5,96,3,2,quận 2
8.3,96,3,2,quận 2
11,100,3,2,quận 2
11.5,98.4,3,2,quận 2
8.3,96,3,2,quận 2
13.4,110,3,2,quận 2
40,129,3,2,quận 2
47,87.8,3,0,quận 3
12.5,67.1,3,4,quận 3
6.5,117,3,2,quận 4
8.95,101,3,2,quận 4
9,100,3,2,quận 4
10,93,3,2,quận 4
2.85,26,3,2,quận 4
12,56.8,3,3,quận 5
17.6,132,3,3,quận 5
17.7,128,3,2,quận 5
17,128,3,2,quận 5
18,128,3,2,quận 5
18,128,3,2,quận 5
19.75,135,3,2,quận 5
5.2,70,3,2,quận 6
10,136,3,2,quận 6
3.8,100,3,2,quận 6
7.5,102,3,2,quận 7
7.5,94,3,2,quận 7
9.2,120,3,2,quận 7
8.1,95,3,2,quận 7
8.4,152,3,3,quận 7
8.4,152,3,3,quận 7
5.68,88,3,2,quận 7
10,138,3,2,quận 7
3.65,75,3,2,quận 7
5,83,3,2,quận 7
10.5,121,3,2,quận 7
13,147,3,2,quận 7
8.4,152,3,3,quận 7
6.58,85,3,2,quận 7
11.7,140,3,0,quận 7
9.5,110,3,2,quận 7
29,126,3,4,quận 7
8.2,152,3,2,quận 7
8.6,152,3,2,quận 7
9.6,118,3,2,quận 7
11.8,136,3,3,quận 7
10.3,118,3,2,quận 7
5.4,114,3,2,quận 7
10.7,134,3,2,quận 7
13.5,130,3,2,quận 7
5.8,114,3,2,quận 7
5.93,88,3,2,quận 7
6.49,89,3,2,quận 7
5.5,74,3,2,quận 7
10.7,135,3,2,quận 7
11,138,3,2,quận 7
6.3,110,3,2,quận 7
11,148,3,3,quận 7
9,120,3,2,quận 7
8.3,227,3,4,quận 8
3.09,75,3,2,quận 8
5.03,109,3,2,quận 8
9.2,150,3,3,quận 8
2.55,60,3,4,quận 8
3.75,83,3,2,quận 9
3.78,83,3,2,quận 9
3.65,83,3,2,quận 9
3.7,81,3,2,quận 9
4,82,3,2,quận 9
4.6,92,3,2,quận 9
4.1,87,3,2,quận 9
6.26,108,3,2,quận 9
5.2,55,3,2,quận 9
4,81,3,2,quận 9
5.2,100,3,3,quận 9
6.5,54.6,3,2,quận 9
3,86,3,2,quận 9
8.05,116,3,2,quận 9
7.8,100,3,0,quận 9
9.7,75,3,3,quận 9
55,262,3,4,quận 9
6.5,112,3,3,quận 9
8.1,90,3,3,quận 10
9.7,86,3,2,quận 10
12.4,103,3,2,quận 10
4.95,98,3,2,quận 10
7.8,90,3,2,quận 10
14.9,108,3,2,quận 10
7.3,90,3,2,quận 10
6,87,3,2,quận 11
12.99,171,3,4,quận 12
2.7,70,3,2,quận 12
1.35,81.2,3,2,bình chánh
8,75,3,3,bình chánh
1.09,48,3,2,bình chánh
3.65,114,3,2,bình chánh
3.6,114,3,2,bình chánh
5.69,95,3,2,bình chánh
5.4,76,3,2,bình chánh
28,154,3,2,phú nhuận
3.29,54,3,3,phú nhuận
12,125,3,2,phú nhuận
5.1,83.33,3,2,bình tân
3.88,82,3,2,bình tân
4,87,3,0,bình tân
4,86,3,2,bình tân
4,68,3,2,bình tân
5.3,75,3,3,bình tân
3.55,75,3,2,bình tân
4.77,65,3,0,bình tân
3.58,81,3,2,bình tân
5.69,63,3,2,gò vấp
10,106,3,3,gò vấp
6.35,55,3,3,gò vấp
6.5,106,3,2,gò vấp
6.1,50,3,3,tân bình
5.1,118,3,2,tân bình
10.9,86,3,4,tân bình
10,126,3,3,bình thạnh
12,120,3,2,bình thạnh
12,115,3,2,bình thạnh
11,100,3,2,bình thạnh
13,108,3,2,bình thạnh
15,120,3,2,bình thạnh
14.85,112,3,2,bình thạnh
11,120,3,3,bình thạnh
13,128,3,2,bình thạnh
12,117,3,2,bình thạnh
12.9,115,3,2,bình thạnh
12.5,110,3,2,bình thạnh
5.45,30,3,4,bình thạnh
1.4,27,3,3,bình thạnh
12,120,3,2,bình thạnh
13.7,120,3,2,bình thạnh
18.9,130,3,2,bình thạnh
6.75,52,3,3,bình thạnh
11,135,3,2,bình thạnh
13.5,141,3,2,bình thạnh
8.48,121,3,2,tân phú
5.79,52,3,0,tân phú
6.65,105,3,2,nhà bè
7.25,54,3,4,nhà bè
4.5,129,3,3,nhà bè
4.5,106,3,2,nhà bè
6.7,94,3,2,nhà bè
4.4,110,3,2,nhà bè
5.9,95,3,2,nhà bè
4.7,129,3,3,nhà bè
5.5,90,3,2,thủ đức
12.3,85,3,3,thủ đức
33.4,144,4,4,quận 1
49,160,4,2,quận 1
59,160,4,0,quận 1
58,160,4,3,quận 1
24,167,4,3,quận 2
55,170,4,3,quận 2
58,214,4,4,quận 2
180,360,4,3,quận 2
6.6,82,4,3,quận 2
65,340,4,4,quận 2
17.6,103,4,5,quận 2
2.89,54,4,4,quận 3
13,63,4,4,quận 3
10,129,4,3,quận 7
15.9,72,4,5,quận 7
8.9,132,4,3,quận 7
37.5,126,4,5,quận 7
69,220,4,4,quận 7
52,129.5,4,4,quận 7
17.9,158,4,5,quận 7
14.8,177,4,4,quận 7
18,126,4,4,quận 7
4.3,50.4,4,3,quận 8
6.15,50,4,5,quận 8
13.5,144,4,4,quận 9
8,85,4,4,quận 9
24,175,4,4,quận 9
14.5,90,4,4,quận 9
19.9,139,4,0,quận 10
6.2,73.2,4,3,quận 12
6.27,107,4,0,quận 12
10.5,80,4,4,quận 12
7,56.5,4,4,bình chánh
7,56.5,4,4,bình chánh
3.79,60,4,3,phú nhuận
7.9,35,4,4,phú nhuận
4.9,65,4,0,bình tân
5.9,78,4,5,bình tân
6.8,54,4,4,bình tân
8,110.2,4,5,bình tân
6.9,66,4,4,bình tân
6.85,90,4,3,bình tân
5.25,60,4,5,bình tân
7,52,4,4,bình tân
6.68,75,4,5,gò vấp
9.5,60,4,4,gò vấp
9.5,78,4,4,gò vấp
8.4,51,4,5,gò vấp
9.2,60,4,4,gò vấp
11,140,4,5,gò vấp
15.8,94,4,4,tân bình
15.4,90,4,4,tân bình
12.6,72,4,4,tân bình
8.9,51,4,5,tân bình
27.5,188,4,3,bình thạnh
17.5,150,4,3,bình thạnh
17.3,150,4,3,bình thạnh
27,188,4,5,bình thạnh
24,160,4,0,bình thạnh
23.5,153,4,3,bình thạnh
35,197,4,0,bình thạnh
45,172,4,2,bình thạnh
9.28,70,4,0,bình thạnh
26,160,4,3,bình thạnh
7.3,59,4,5,bình thạnh
8.1,50,4,3,bình thạnh
18.8,112,4,5,tân phú
8.5,76,4,5,tân phú
6.35,64,4,2,tân phú
10,85.5,4,5,tân phú
14.8,77,4,5,tân phú
18,188,4,4,cần giờ
16,140,4,5,nhà bè
10.8,105.6,4,5,nhà bè
7.6,61,4,4,thủ đức
6.1,55,4,4,thủ đức
16.5,120,4,4,thủ đức
9.5,52.6,4,3,thủ đức
16.99,156,4,4,thủ đức
13.5,100,4,6,thủ đức
7.6,135.6,4,0,thủ đức
24.3,160,4,4,thủ đức
55,223,5,5,quận 2
17.5,192.5,5,0,quận 2
9,58,5,6,quận 3
15,72,5,6,quận 7
16.5,90,5,6,quận 7
14.5,80,5,5,quận 7
120,364.2,5,5,quận 7
24.9,132,5,5,quận 9
34,89,5,4,quận 11
7.58,46,5,4,phú nhuận
13.6,100,5,5,bình tân
5.3,114.6,5,3,bình tân
8.15,56.2,5,5,gò vấp
12.9,79,5,6,gò vấp
25.5,100,5,7,gò vấp
12.9,78,5,6,gò vấp
25.5,100,5,4,gò vấp
36,127,5,6,tân bình
6.49,52,5,0,tân bình
15.8,74,5,5,tân bình
48,154.8,5,5,bình thạnh
8.45,105,5,6,bình thạnh
9.8,55,5,4,bình thạnh
11.6,112,5,5,tân phú
22,85,5,6,tân phú
10.9,76.5,5,6,tân phú
22,368,5,7,tân phú
15.5,189,5,4,cần giờ
10,75,5,3,cần giờ
10.5,120,5,0,nhà bè
24.5,160,5,6,thủ đức
24.5,160,5,6,thủ đức
51,160,6,5,quận 2
7.8,44,6,7,quận 3
8.25,48,6,0,quận 3
15,116,6,6,quận 7
18,126,6,5,quận 7
18,126,6,7,quận 7
48.5,508,6,7,quận 9
29.5,80.75,6,5,quận 10
79,240,6,7,phú nhuận
28,120,6,6,gò vấp
32,136,6,6,gò vấp
82,303,6,6,gò vấp
13.9,74,6,0,gò vấp
23.95,100,6,6,gò vấp
17.9,215,6,4,gò vấp
40,191,6,5,tân bình
21,94,6,6,tân bình
9.2,66,6,6,bình thạnh
210,275,6,6,bình thạnh
17,70,6,5,tân phú
30.59,530.5,6,6,tân phú
7.5,80,6,5,tân phú
9.9,75,6,6,cần giờ
35,396,6,6,nhà bè
11.7,120,6,6,nhà bè
14.3,105.2,6,6,thủ đức
16.5,50,7,5,quận 11
11.9,120,7,4,quận 12
6.8,81,7,7,tân bình
23,367.4,7,7,tân phú
89,329.8,8,6,quận 7
30,100,8,6,gò vấp
13.5,91,8,8,tân bình
20,156,9,0,phú nhuận
13,78,9,9,bình thạnh
25.5,111,10,10,quận 7
13.2,53.1,10,11,phú nhuận
14.8,93,10,10,gò vấp
11.5,88,10,11,gò vấp
36.8,72,13,14,quận 1
169,250,14,16,quận 1
28.2,98,15,15,quận 2
17.5,90,15,16,bình thạnh
36,180,20,20,quận 7
5.85,48,20,2,tân phú
56,180,24,25,bình thạnh
19.8,200,33,40,gò vấp
6.02,53,1,1,quận 1
7.235,50,1,1,quận 1
12.45,105,3,2,quận 1
10.39,121,3,2,quận 1
4.14,78,2,2,quận 1
3.135,72,2,2,quận 1
5.18,69,2,2,quận 1
11.26,121,3,2,quận 1
43,139,2,2,quận 1
43,135,2,2,quận 1
43,139,2,2,quận 1
43,139,2,2,quận 1
1.99,32,1,2,quận 1
1.965,108,3,2,quận 1
11,121,3,2,quận 1
5.1,80,2,2,quận 1
69,149,4,4,quận 1
52,166,13,13,quận 1
5.1,80,2,2,quận 1
24.6,90,2,2,quận 1
20,54,1,1,quận 1
55,165,3,2,quận 1
35,88,2,2,quận 1
30,157,4,2,quận 1
15,100,3,2,quận 1
5.6,50,1,1,quận 1
6,50,1,1,quận 1
8,72,2,2,quận 1
16.5,121,3,2,quận 1
11,80,2,2,quận 1
12,80,2,2,quận 1
7.9,74,2,2,quận 1
11.5,80,2,2,quận 1
7.9,68,2,2,quận 1
10,78,2,1,quận 1
8,70,2,2,quận 1
9,70,2,2,quận 1
14.9,101,3,2,quận 1
16,121,3,2,quận 1
17,100,3,2,quận 1
17.5,100,3,2,quận 1
12.5,76,2,1,quận 1
11,70,2,2,quận 1
9.2,70,2,1,quận 1
15.5,101,3,2,quận 1
5,70.3,2,2,quận 1
90,59,2,2,quận 1
140,96,3,1,quận 1
10.5,70,2,2,quận 1
3.8,56,3,1,quận 1
0.99,50,1,1,quận 1
2,75,2,2,quận 1
33,151,2,2,quận 1
35,163,3,2,quận 1
55,205,4,3,quận 1
39,166,3,2,quận 1
43,205,4,4,quận 1
53,205,4,3,quận 1
53,205,4,3,quận 1
45,90,3,3,quận 1
53,205,4,3,quận 1
33,151,2,2,quận 1
23,166,2,2,quận 1
28,145,4,4,quận 1
21.5,60,1,1,quận 1
14,71,2,2,quận 1
8.6,48,1,1,quận 1
8.8,51,1,1,quận 1
28.5,81,2,2,quận 1
27.95,75,2,2,quận 1
10.2,70,2,2,quận 1
22.3,75,1,1,quận 1
20,110,2,2,quận 1
13.6,120,3,2,quận 2
10.5,88,2,2,quận 2
13,96,2,2,quận 2
23,142,3,3,quận 2
15,100,2,2,quận 2
19,142,3,2,quận 2
19,142,3,3,quận 2
20,135,3,2,quận 2
12,70,2,2,quận 2
14,130,2,2,quận 2
13.5,100,2,2,quận 2
19,142,3,3,quận 2
13,100,2,2,quận 2
11.7,88,2,2,quận 2
14,100,2,2,quận 2
16.8,135,3,2,quận 2
12,120,3,2,quận 2
7,88,3,2,quận 2
10,100,2,2,quận 2
66,250,3,3,quận 2
23,142,3,2,quận 2
10.5,120,3,2,quận 2
12,88,2,2,quận 2
8.8,88,2,1,quận 2
13,112,3,2,quận 2
7,51,1,1,quận 2
8.2,92,2,2,quận 2
105,140,1,1,quận 2
32,193,3,3,quận 2
13,100,2,2,quận 2
9.7,88,2,2,quận 2
12.9,120,3,2,quận 2
11.8,120,3,3,quận 2
11.5,113,3,2,quận 2
12.9,98,2,2,quận 2
11,120,3,2,quận 2
36,120,3,2,quận 2
13.5,100,2,2,quận 2
18,127,3,2,quận 2
13,113,3,2,quận 2
12.8,120,3,3,quận 2
9.2,88,2,2,quận 2
25,152,3,2,quận 2
16,127,3,2,quận 2
10.3,97,2,2,quận 2
1.705,110,3,3,quận 2
1.93,157,4,4,quận 2
2.46,105,3,2,quận 2
2.455,95,3,2,quận 2
2.234,69,2,1,quận 2
1.689,95,3,2,quận 2
5.999,72,2,2,quận 2
5.869,55,1,1,quận 2
24.9,189,16,17,quận 2
1.34,67,2,2,quận 2
1.55,95,3,2,quận 2
15.2,400,7,5,quận 2
4.12,1,2,2,quận 2
1.55,61,2,2,quận 2
1.28,77,2,2,quận 2
1.505,110,3,3,quận 2
1.55,61,2,2,quận 2
1.45,108,3,2,quận 2
1.58,102,3,2,quận 2
21,129,3,2,quận 2
20.5,127,3,2,quận 2
10.5,92,2,2,quận 2
12.9,113,3,2,quận 2
11.5,88,2,2,quận 2
11.5,113,3,3,quận 2
19,142,3,3,quận 2
10.2,88,2,2,quận 2
23,140,3,2,quận 2
41,700,5,5,quận 2
18,127,3,2,quận 2
3.105,75,2,2,quận 3
6.8,58,2,1,quận 3
6.2,58,2,1,quận 3
8.5,80,3,2,quận 3
10,74,2,2,quận 3
3.555,72,2,2,quận 3
24.999,78,9,10,quận 3
21,90,15,15,quận 3
17,144,4,4,quận 3
17,144,4,4,quận 3
87,1155,33,33,quận 3
5.7,57,2,1,quận 3
1.77,60,2,1,quận 3
1.1,68,2,2,quận 3
2.95,98,3,3,quận 3
10.5,88,2,2,quận 2
13,96,2,2,quận 2
23,142,3,3,quận 2
15,100,2,2,quận 2
19,142,3,2,quận 2
19,142,3,3,quận 2
20,135,3,2,quận 2
12,70,2,2,quận 2
14,130,2,2,quận 2
13.5,100,2,2,quận 2
19,142,3,3,quận 2
13,100,2,2,quận 2
11.7,88,2,2,quận 2
14,100,2,2,quận 2
16.8,135,3,2,quận 2
12,120,3,2,quận 2
7,88,3,2,quận 2
10,100,2,2,quận 2
66,250,3,3,quận 2
23,142,3,2,quận 2
10.5,120,3,2,quận 2
12,88,2,2,quận 2
8.8,88,2,1,quận 2
13,112,3,2,quận 2
7,51,1,1,quận 2
8.2,92,2,2,quận 2
105,140,1,1,quận 2
32,193,3,3,quận 2
13,100,2,2,quận 2
9.7,88,2,2,quận 2
12.9,120,3,2,quận 2
11.8,120,3,3,quận 2
11.5,113,3,2,quận 2
12.9,98,2,2,quận 2
11,120,3,2,quận 2
36,120,3,2,quận 2
13.5,100,2,2,quận 2
18,127,3,2,quận 2
13,113,3,2,quận 2
12.8,120,3,3,quận 2
9.2,88,2,2,quận 2
25,152,3,2,quận 2
16,127,3,2,quận 2
10.3,97,2,2,quận 2
1.705,110,3,3,quận 2
1.93,157,4,4,quận 2
2.46,105,3,2,quận 2
2.455,95,3,2,quận 2
2.234,69,2,1,quận 2
1.689,95,3,2,quận 2
5.999,72,2,2,quận 2
5.869,55,1,1,quận 2
24.9,189,16,17,quận 2
1.34,67,2,2,quận 2
1.55,95,3,2,quận 2
15.2,400,7,5,quận 2
4.12,1,2,2,quận 2
1.55,61,2,2,quận 2
1.28,77,2,2,quận 2
1.505,110,3,3,quận 2
1.55,61,2,2,quận 2
1.45,108,3,2,quận 2
1.58,102,3,2,quận 2
21,129,3,2,quận 2
20.5,127,3,2,quận 2
10.5,92,2,2,quận 2
12.9,113,3,2,quận 2
11.5,88,2,2,quận 2
11.5,113,3,3,quận 2
19,142,3,3,quận 2
10.2,88,2,2,quận 2
23,140,3,2,quận 2
41,700,5,5,quận 2
18,127,3,2,quận 2
6.8,58,2,1,quận 3
6.2,58,2,1,quận 3
8.5,80,3,2,quận 3
10,74,2,2,quận 3
3.555,72,2,2,quận 3
24.999,78,9,10,quận 3
21,90,15,15,quận 3
17,144,4,4,quận 3
17,144,4,4,quận 3
87,1155,33,33,quận 3
5.7,57,2,1,quận 3
1.77,60,2,1,quận 3
1.1,68,2,2,quận 3
2.95,98,3,3,quận 3
2.15,106.6,3,2,quận 3
2.14,101,3,2,quận 3
3.5,94,3,2,quận 3
1.65,52,1,1,quận 3
2.15,77,2,2,quận 3
3.15,98,3,2,quận 3
1.86,68,2,2,quận 3
4.85,58,2,1,quận 3
5.49,58,1,2,quận 3
3.95,90,2,2,quận 3
3.205,72,2,2,quận 3
3.8,90,2,2,quận 3
1.64,72,2,2,quận 3
1.985,75,2,2,quận 3
1.88,88,2,2,quận 3
3.66,1,2,2,quận 3
2.66,1,2,2,quận 3
1.47,1,2,2,quận 3
3.205,72,2,2,quận 3
1.99,72,2,2,quận 3
1.45,64,2,2,quận 3
1.625,58,2,1,quận 3
3.55,91,2,2,quận 3
1.05,20,1,1,quận 3
7.9,79,3,2,quận 3
0.007,30,1,1,quận 3
3.699,83,2,1,quận 3
1.67,76,2,2,quận 3
1.77,55,1,1,quận 3
1.605,92,2,2,quận 3
1.524,57,2,1,quận 3
1.45,64,2,2,quận 3
1.625,58,2,1,quận 3
2.065,88,2,2,quận 3
1.53,72,2,2,quận 3
2.155,75,2,2,quận 3
1.57,72,2,2,quận 3
2.025,55,1,1,quận 3
1.28,1,2,2,quận 3
1.69,1,2,2,quận 3
2.67,1,2,2,quận 3
3.6,82,2,2,quận 3
1.735,60,2,2,quận 3
2.26,1,2,2,quận 3
1.53,72,2,2,quận 3
2.89,1,2,2,quận 3
1.25,1,2,2,quận 3
3.6,82,2,2,quận 3
2.03,90,3,2,quận 3
1.925,80,2,2,quận 3
1.595,60,2,1,quận 3
7.2,72,2,2,quận 3
6.8,58,2,1,quận 3
6.2,58,2,1,quận 3
8.5,80,3,2,quận 3
10,74,2,2,quận 3
3.555,72,2,2,quận 3
24.999,78,9,10,quận 3
21,90,15,15,quận 3
17,144,4,4,quận 3
17,144,4,4,quận 3
87,1155,33,33,quận 3
5.7,57,2,1,quận 3
1.77,60,2,1,quận 3
1.1,68,2,2,quận 3
2.95,98,3,3,quận 3
2.15,106.6,3,2,quận 3
2.14,101,3,2,quận 3
3.5,94,3,2,quận 3
1.65,52,1,1,quận 3
2.15,77,2,2,quận 3
3.15,98,3,2,quận 3
1.86,68,2,2,quận 3
4.85,58,2,1,quận 3
5.49,58,1,2,quận 3
3.95,90,2,2,quận 3
3.205,72,2,2,quận 3
3.8,90,2,2,quận 3
1.64,72,2,2,quận 3
1.985,75,2,2,quận 3
1.88,88,2,2,quận 3
3.66,1,2,2,quận 3
2.66,1,2,2,quận 3
1.47,1,2,2,quận 3
3.205,72,2,2,quận 3
1.99,72,2,2,quận 3
1.45,64,2,2,quận 3
1.625,58,2,1,quận 3
3.55,91,2,2,quận 3
1.05,20,1,1,quận 3
7.9,79,3,2,quận 3
0.007,30,1,1,quận 3
3.699,83,2,1,quận 3
1.67,76,2,2,quận 3
1.77,55,1,1,quận 3
1.605,92,2,2,quận 3
1.524,57,2,1,quận 3
1.45,64,2,2,quận 3
1.625,58,2,1,quận 3
2.065,88,2,2,quận 3
1.53,72,2,2,quận 3
2.155,75,2,2,quận 3
1.57,72,2,2,quận 3
2.025,55,1,1,quận 3
1.28,1,2,2,quận 3
1.69,1,2,2,quận 3
2.67,1,2,2,quận 3
3.6,82,2,2,quận 3
1.735,60,2,2,quận 3
2.26,1,2,2,quận 3
1.53,72,2,2,quận 3
2.89,1,2,2,quận 3
1.25,1,2,2,quận 3
3.6,82,2,2,quận 3
2.03,90,3,2,quận 3
1.925,80,2,2,quận 3
1.595,60,2,1,quận 3
7.2,72,2,2,quận 3
1.46,84,2,2,quận 4
2.585,102,3,2,quận 4
2.75,84,2,2,quận 4
2.015,72,2,2,quận 4
1.835,81,2,2,quận 4
3.125,85,2,2,quận 4
1.393,122,3,3,quận 4
1.85,80.64,2,2,quận 4
3.299,122,3,3,quận 4
3.588,81,2,2,quận 4
2.83,92,3,2,quận 4
2.05,82,2,2,quận 4
1.97,71,2,2,quận 4
2.58,78.5,2,2,quận 4
1.388,80.64,2,2,quận 4
11.1,114,3,2,quận 4
4.3,60,1,1,quận 4
2.9,45,2,2,quận 4
9.7,117,3,2,quận 4
7.5,80,2,2,quận 4
3.7,61,2,1,quận 4
6.5,80,2,2,quận 4
6.9,80,2,2,quận 4
6.5,83,3,2,quận 4
7.3,111,3,2,quận 4
6,105,3,2,quận 4
4.6,80,2,2,quận 4
8.5,135,4,2,quận 4
5.75,99,1,2,quận 4
4.9,73,2,1,quận 4
4.8,72,2,1,quận 4
5,72,2,2,quận 4
3.7,60,2,1,quận 4
5.5,75,2,2,quận 4
0.007,170,3,3,quận 4
3.8,57,1,1,quận 4
9.2,139,4,2,quận 4
5.5,92,2,2,quận 4
9.2,100,3,2,quận 4
5.5,92,2,2,quận 4
5.3,70,2,1,quận 4
6.5,80,2,2,quận 4
3.7,49,1,1,quận 4
5.3,75,2,2,quận 4
5,71,2,2,quận 4
5.5,85,2,2,quận 4
6,100,3,2,quận 4
2.9,43,1,1,quận 4
8.6,135,4,2,quận 4
1.835,81,2,2,quận 4
2.55,63.5,2,2,quận 4
1.645,84,2,2,quận 4
1.58,71,2,2,quận 4
6.25,68,2,2,quận 4
3.8,57,1,1,quận 4
1.53,75,2,2,quận 4
1.46,84,2,2,quận 4
1.605,71,2,2,quận 4
1.835,81,2,2,quận 4
1.93,122,3,3,quận 4
2.47,60,2,2,quận 4
3.8,92,3,2,quận 4
2.02,70,2,2,quận 4
2.3,80,2,2,quận 4
2.92,68,2,1,quận 4
2.9,65,2,1,quận 4
8.5,83,3,2,quận 4
3.7,65,2,1,quận 4
5.3,70,2,1,quận 4
3.7,62,2,2,quận 4
5.75,100,3,2,quận 4
2.75,50,1,1,quận 4
3.4,92,2,2,quận 4
3.515,68,2,2,quận 5
99,1030,5,6,quận 5
4.8,84,3,2,quận 5
40.9,241,4,4,quận 5
7,100,3,2,quận 5
8.7,160,4,3,quận 5
3.95,65,2,1,quận 5
4.2,87,3,2,quận 5
8.7,160,3,3,quận 5
6.8,100,3,2,quận 5
0.001,70,8,12,quận 5
0.001,80,8,16,quận 5
0.001,100,10,20,quận 5
35,650,5,5,quận 5
2.89,100,2,1,quận 5
4.1,90,3,2,quận 5
3.5,86,3,2,quận 5
2.34,67,3,1,quận 5
17.024,128,3,3,quận 5
1.69,86,2,2,quận 5
3.2,70,2,1,quận 5
3.2,60,2,1,quận 5
4.9,102,3,2,quận 5
1.46,76,2,2,quận 5
3.65,80,2,2,quận 5
3.9,74,2,1,quận 5
2.69,72,2,2,quận 5
1.25,65,2,2,quận 5
1.15,68,2,2,quận 5
1.35,69,2,2,quận 5
3.9,74,2,1,quận 5
1.75,85,2,2,quận 5
1.95,80,2,2,quận 5
3.5,75,2,2,quận 5
2.6,74,2,1,quận 5
3.68,80,2,2,quận 5
2.865,75,2,2,quận 5
1.825,168,3,3,quận 5
1.51,90,3,2,quận 5
1.15,71,2,2,quận 5
1.505,61,2,2,quận 5
1.64,62,2,1,quận 5
2.78,1,2,2,quận 5
1.69,1,2,2,quận 5
1.765,75,2,2,quận 5
2.35,75,2,2,quận 5
1.15,71,2,2,quận 5
2,60,1,1,quận 5
1.62,74,2,2,quận 5
3.1,68,2,2,quận 5
4.3,86,2,2,quận 5
2.75,70,2,1,quận 5
2.399,34,1,1,quận 5
4.4,86,2,1,quận 5
1.47,86,2,2,quận 5
3.5,100,2,2,quận 5
0.009,100,2,1,quận 5
1.615,130,3,2,quận 5
1.535,62,2,2,quận 5
1.459,73,2,1,quận 5
1.52,55,2,1,quận 5
1.584,84,2,2,quận 5
1.643,80,2,2,quận 5
2.09,82,2,2,quận 5
1.4,73,2,1,quận 5
1.459,73,2,1,quận 5
2.3,86,2,2,quận 5
3.6,86,3,2,quận 5
4.399,86,2,2,quận 5
2.8,70,2,2,quận 5
1.53,70,2,2,quận 6
3.5,67,2,2,quận 6
4.85,90,2,2,quận 6
3.95,100,2,2,quận 6
1.285,86,2,2,quận 6
2.9,76,2,2,quận 6
1.65,62,2,1,quận 6
2.4,89,3,3,quận 6
2.9,81,2,2,quận 6
2.4,85,3,1,quận 6
3.8,86,2,2,quận 6
1.68,102,3,2,quận 6
2.1,65,2,2,quận 6
1.2,90,3,2,quận 6
1.37,102,3,2,quận 6
1.37,80,2,2,quận 6
1.59,50,2,1,quận 6
1.54,74,2,2,quận 6
3.2,101,2,2,quận 6
3.25,83,2,2,quận 6
4.65,70,2,2,quận 6
5.5,41,1,1,quận 6
5.5,40,1,1,quận 6
1.69,65,2,2,quận 6
0.066,51,1,1,quận 6
2.65,63,2,2,quận 6
2.38,53,2,1,quận 6
1.06,65,2,2,quận 6
1.05,65,2,2,quận 6
1.05,65,2,2,quận 6
1.09,67,2,2,quận 6
1.06,60,2,2,quận 6
1.95,80,2,2,quận 6
1.65,95,2,2,quận 6
3.58,86,2,2,quận 6
3.85,97,2,2,quận 6
0.002,27,1,1,quận 6
7.68,270,4,4,quận 6
2.52,62,2,2,quận 6
2.5,64,2,2,quận 6
2.2,52,1,1,quận 6
3.7,90,3,2,quận 6
1.399,61,2,2,quận 6
1.775,75,2,2,quận 6
13.9,107,3,2,quận 7
6.6,70,2,2,quận 7
4.85,60,1,1,quận 7
9.5,110,3,2,quận 7
2.4,37,1,1,quận 7
6.8,82,2,2,quận 7
6.6,70,2,2,quận 7
8.5,100,3,2,quận 7
5.2,65,2,2,quận 7
5.53,60,1,1,quận 7
6.3,71,2,2,quận 7
0.017,80,2,2,quận 7
9.6,118,3,2,quận 7
6.8,82,2,2,quận 7
4.5,71,2,2,quận 7
6.799,82,2,2,quận 7
9,114,2,3,quận 7
6.8,84,2,2,quận 7
7.9,79,2,2,quận 7
11,110,3,2,quận 7
12,110,3,2,quận 7
9.5,118,3,2,quận 7
12,115,3,2,quận 7
11.9,116,3,2,quận 7
11.8,120,3,2,quận 7
13.5,137,3,2,quận 7
12.5,130,3,2,quận 7
8,100,3,2,quận 7
1.705,68,2,2,quận 7
12.5,123,3,2,quận 7
1.77,91,3,2,quận 8
1.79,117,3,2,quận 8
1.88,74,2,2,quận 8
1.72,67,2,2,quận 8
1.485,85,3,2,quận 8
1.847,75,2,2,quận 8
2.145,100,3,2,quận 8
1.285,92,3,2,quận 8
3.05,92,3,2,quận 8
2.3,74,2,2,quận 8
2.445,74,2,2,quận 8
2.2,74,2,2,quận 8
1.95,74,2,2,quận 8
1.335,60,2,2,quận 8
3.55,81,2,2,quận 8
2.75,60,2,1,quận 8
2.6,57,1,1,quận 8
3.5,83,2,2,quận 8
3.35,86,2,2,quận 8
2.25,50,1,1,quận 8
4.2,106,2,2,quận 8
3.5,83,2,2,quận 8
2.4,89,3,3,quận 8
4.45,115,2,2,quận 8
4.7,150,3,3,quận 8
3.4,78,2,2,quận 8
3.8,90,3,2,quận 8
5.85,147,3,3,quận 8
4.5,115,2,2,quận 8
4.7,115,2,2,quận 8
4.4,115,2,2,quận 8
4.35,115,2,2,quận 8
4.5,115,2,2,quận 8
5.4,150,3,2,quận 8
6,150,3,2,quận 8
4.5,115,2,2,quận 8
3.65,78,2,2,quận 8
4.4,115,2,2,quận 8
7,230,4,4,quận 8
5.7,150,3,2,quận 8
5.5,150,3,2,quận 8
5.9,150,3,3,quận 8
4.4,110,2,2,quận 8
3.7,82,2,2,quận 8
3.7,110,3,2,quận 8
3.8,82,2,2,quận 8
4.5,115,2,2,quận 8
6.2,150,3,2,quận 8
4.7,115,2,2,quận 8
6,150,3,3,quận 8
4.65,115,2,2,quận 8
4.6,110,3,2,quận 8
5.75,150,3,2,quận 8
5.6,150,3,3,quận 8
5.7,150,3,2,quận 8
5.2,172,3,2,quận 8
37,1593,46,46,quận 8
1.75,52,2,1,quận 8
1.55,85,3,2,quận 8
1.18,79,2,2,quận 8
1.45,70,2,2,quận 8
1.38,73,2,2,quận 8
1.65,71,2,2,quận 8
1.86,68,2,2,quận 8
1.18,75,2,2,quận 8
1.15,95,3,2,quận 8
1.8,75,2,1,quận 8
1.72,73,2,2,quận 8
1.29,57,2,1,quận 8
1.19,66,3,2,quận 8
1.49,95,3,2,quận 8
1.62,60,2,1,quận 8
1.43,79,2,2,quận 8
3.6,79,2,2,quận 8
1.37,64,2,2,quận 9
1.58,59,2,1,quận 9
18.5,120,20,20,quận 9
9,96,6,6,quận 9
1.95,36,1,1,quận 9
2.9,58,1,1,quận 9
1.85,34,1,1,quận 9
3.5,68,2,2,quận 9
26,233,28,28,quận 9
8.9,197,6,6,quận 9
2.485,100,3,2,quận 9
2.75,72,2,2,quận 9
3,60,2,1,quận 9
3,60,2,1,quận 9
2.68,59,2,1,quận 9
1.8,30,1,1,quận 9
2.6,59,2,1,quận 9
2.3,47,1,1,quận 9
4.574,63.4,2,2,quận 9
2.68,43,1,1,quận 9
2.35,49,1,1,quận 9
2.35,59,2,2,quận 9
4.2,100,3,3,quận 9
3.2,72,2,2,quận 9
3.15,73,2,2,quận 9
2.65,65,2,1,quận 9
3.95,100,3,3,quận 9
3.95,100,3,3,quận 9
3.5,50,2,2,quận 9
31,210,28,28,quận 9
6.5,151,7,7,quận 9
19.9,382.5,20,20,quận 9
4.3,112,3,2,quận 9
28,740,21,22,quận 9
2.15,42.6,1,1,quận 9
4.25,77,3,3,quận 9
2.68,63,1,1,quận 9
2.55,63,2,1,quận 9
2.65,63,2,1,quận 9
2.55,63,2,1,quận 9
3.08,70,3,2,quận 9
1.125,59,2,2,quận 9
1.28,60,2,2,quận 9
1.86,50,2,2,quận 9
2.48,55,2,1,quận 9
2.18,79,2,2,quận 9
1.68,60,2,2,quận 9
2.65,67,2,2,quận 9
2.1,108,3,3,quận 9
2,54,2,1,quận 9
1.389,60,2,1,quận 9
1.35,47,1,1,quận 9
2.1,47,1,1,quận 9
2.05,47,1,1,quận 9
2.05,47,1,1,quận 9
4.2,59,2,3,quận 9
3.2,70,3,2,quận 9
2.1,47,1,1,quận 9
1.999,56,2,2,quận 9
0.003,18,1,1,quận 9
0.003,20.25,1,1,quận 9
2.5,60,2,1,quận 9
21.86,561,15,16,quận 9
13.5,200,35,8,quận 9
18.6,450,11,11,quận 9
16.8,363,16,17,quận 9
9.699,230,18,18,quận 9
30,1400,60,60,quận 9
22.5,1182,48,48,quận 9
36,1093,30,30,quận 9
28.8,642,28,28,quận 9
16.2,450,18,17,quận 9
15.5,657,24,24,quận 9
13.2,250,35,5,quận 9
1.82,78,2,2,quận 10
3.85,85,2,2,quận 10
0.946,49,2,2,quận 10
1.305,60.5,2,2,quận 10
6.8,91,2,2,quận 10
5,73,2,2,quận 10
11,138,3,3,quận 10
4.7,61,1,1,quận 10
6.4,86,2,2,quận 10
6.1,86,2,2,quận 10
5.3,73,2,2,quận 10
4.5,60,2,2,quận 10
4.9,72,2,2,quận 10
4.8,53,1,1,quận 10
5.27,73,2,2,quận 10
5.3,100,2,2,quận 10
3.55,50,1,1,quận 10
5,101,3,2,quận 10
4.3,61,2,1,quận 10
3.75,80,2,2,quận 10
3.6,48,1,1,quận 10
7.2,108,2,2,quận 10
6.1,86,2,2,quận 10
3.6,50,1,1,quận 10
5.15,73,2,2,quận 10
5.6,79,2,2,quận 10
6.7,86,2,2,quận 10
3.65,50,1,1,quận 10
8,103,3,2,quận 10
4.623,60,1,1,quận 10
5.15,73,2,2,quận 10
6.45,73,2,2,quận 10
7.88,108,3,2,quận 10
5.9,86,2,2,quận 10
5.9,108,2,2,quận 10
10.2,138,4,3,quận 10
6.95,108,3,2,quận 10
6.5,86,2,2,quận 10
7.2,108,3,2,quận 10
7.7,103,3,2,quận 10
6.8,86,2,2,quận 10
4.7,71,2,2,quận 10
4.95,73,2,2,quận 10
5.8,86,2,2,quận 10
6.35,86,2,2,quận 10
6.05,86,2,2,quận 10
6.7,86,2,2,quận 10
1.4,31,1,1,quận 10
5,78,2,2,quận 10
5.5,78,2,2,quận 10
5.8,72,2,2,quận 10
7,102,3,2,quận 10
4.3,60,1,1,quận 10
5,79,2,2,quận 10
13.5,210,3,2,quận 10
6.7,86,2,2,quận 10
11,139,3,3,quận 10
5.15,73,2,2,quận 10
5,61,1,1,quận 10
4.4,61,2,2,quận 10
6.65,86,2,2,quận 10
8.3,104,2,2,quận 10
7.3,86,2,2,quận 10
8.36,107,2,2,quận 10
3.5,50,1,1,quận 10
5,79,2,2,quận 10
4.623,60,1,1,quận 10
13,139,4,2,quận 10
8,108,3,2,quận 10
8.6,108,3,2,quận 10
8,107,3,2,quận 10
5.2,100,2,2,quận 10
3.8,80,2,2,quận 10
5.6,78,1,1,quận 10
3.6,50,1,1,quận 10
3.925,87,2,2,bình thạnh
1.405,70,2,2,bình thạnh
4.295,186,4,3,bình thạnh
3.125,86,2,2,bình thạnh
3.12,90,2,2,bình thạnh
3.225,85,2,2,bình thạnh
3.805,106,3,2,bình thạnh
3.456,94,3,2,bình thạnh
4.158,83,2,2,bình thạnh
3.339,110,3,2,bình thạnh
3.205,126,3,2,bình thạnh
3.066,87,2,2,bình thạnh
3.165,80,2,2,bình thạnh
4.075,98,3,2,bình thạnh
3.35,75,2,2,bình thạnh
3.87,154,4,3,bình thạnh
4.15,106,3,2,bình thạnh
3.99,70,2,2,bình thạnh
2.155,54,1,1,bình thạnh
2.17,54,2,2,bình thạnh
2.2,55,2,2,bình thạnh
2.2,55,2,2,bình thạnh
2,50,2,2,bình thạnh
2.05,51,2,2,bình thạnh
1.96,49,2,2,bình thạnh
2.1,52,2,2,bình thạnh
2.05,51,2,2,bình thạnh
3.275,74.3,2,2,bình thạnh
1.36,67,2,2,bình thạnh
2,50,2,2,bình thạnh
2.5,62,2,2,bình thạnh
1.98,49,2,1,bình thạnh
18,350,13,13,bình thạnh
29.5,181,20,20,bình thạnh
39.6,180,27,28,bình thạnh
16.9,80,14,15,bình thạnh
12.799,400,10,10,bình thạnh
17,75,10,10,bình thạnh
17.5,80,20,20,bình thạnh
15,80,10,11,bình thạnh
16,80,10,10,bình thạnh
14.5,70,7,7,bình thạnh
16.9,70,9,9,bình thạnh
22.5,160,30,30,bình thạnh
13.9,60,9,9,bình thạnh
14.9,100,15,15,bình thạnh
11.3,60,9,9,bình thạnh
23,170,20,20,bình thạnh
22,100,12,12,bình thạnh
14.5,60,8,9,bình thạnh
17.9,80,15,16,bình thạnh
12,70,11,11,bình thạnh
28.9,140,30,30,bình thạnh
31.899,210,28,28,bình thạnh
2.655,68,2,2,bình thạnh
1.665,72,2,2,bình thạnh
1.585,102,3,2,bình thạnh
3.56,98,2,2,bình thạnh
2.2,62,2,1,bình thạnh
2.66,64,2,1,bình thạnh
3.29,141,3,2,bình thạnh
2.6,67,2,2,bình thạnh
4.2,87,2,2,bình thạnh
0.005,36,1,1,bình thạnh
0.005,35,1,1,bình thạnh
0.005,30,1,1,bình thạnh
2.7,60,2,2,bình thạnh
17.5,75,2,2,bình thạnh
7.5,55,1,1,bình thạnh
15.2,110,2,2,bình thạnh
8.6,90,2,2,bình thạnh
1.88,52,2,1,bình thạnh
2,58,2,2,bình thạnh
2,58,2,2,bình thạnh
16.8,106,2,2,bình thạnh
5.7,71.42,2,2,nhà bè
5.82,79.7,2,2,nhà bè
35,154,3,2,quận 2
35,149,3,2,quận 2
33,160.68,3,2,quận 2
35,155,3,2,quận 2
4.9,70,2,2,nhà bè
6.5,99,3,2,nhà bè
37,325.9,4,6,quận 2
27.5,220.8,3,4,quận 2
36.2,324.7,4,6,quận 2
16,170,5,4,nhà bè
5.4,81.56,3,2,nhà bè
4.04,63,2,1,quận 7
4.03,72,2,2,quận 7
4.13,63,2,1,quận 7
4.15,68,2,1,quận 7
4.15,65,2,1,quận 7
6.1,57,1,1,quận 2
6.4,57.77,1,1,quận 2
6.3,57.77,1,1,quận 2
6.27,57.77,1,1,quận 2
4.8,65.3,2,2,nhà bè
5.2,71.32,2,2,nhà bè
6.2,104.03,3,3,nhà bè
7.2,105,1,2,nhà bè
4.6,70,2,2,nhà bè
3.4,70,2,2,nhà bè
4.9,100.35,3,3,nhà bè
4.9,95,3,2,nhà bè
6.9,95,2,2,nhà bè
4.1,75,2,2,nhà bè
3.6,71.42,2,2,nhà bè
3.5,74.77,2,2,nhà bè
4.5,75,2,2,nhà bè
7.16,86.57,3,2,quận 7
7.2,87,3,2,quận 7
6.5,94.81,3,2,quận 7
6.5,94.79,3,2,quận 7
6.5,95.28,3,2,quận 7
7.02,95,3,2,quận 7
4.3,59.6,2,1,quận 7
4.26,52,2,1,quận 7
4.2,51.93,2,1,quận 7
4.3,52.33,2,1,quận 7
5.3,66.57,2,2,quận 7
5.3,70.84,2,2,quận 7
5.3,74,2,2,quận 7
5.3,66.2,2,2,quận 7
5.3,72.7,2,2,quận 7
5.3,71,2,2,quận 7
5.3,77.4,2,2,quận 7
5.3,67.64,2,2,quận 7
5.3,75.3,2,2,quận 7
5.3,67,2,2,quận 7
5.3,70,2,2,quận 7
5.3,66.81,2,2,quận 7
5.3,70,2,2,quận 7
5.3,69.6,2,2,quận 7
5.3,66.57,2,2,quận 7
5.3,75.3,2,2,quận 7
5.39,66.82,2,2,quận 7
5.4,65.3,2,2,quận 7
5.49,70,2,2,quận 7
5.5,71,2,2,quận 7
5.4,67.2,2,2,quận 7
5.4,64.3,2,2,quận 7
5.4,66.2,2,2,quận 7
5.4,65.96,2,2,quận 7
5.4,68,2,2,quận 7
7.8,96,3,2,quận 2
8.9,96,3,2,quận 2
5.38,98.11,3,2,nhà bè
5.5,103.96,3,2,nhà bè
5.5,93,3,2,nhà bè
5.5,93.32,3,2,nhà bè
6.5,92.42,3,2,nhà bè
3.7,66666,2,2,quận 7
3.7,66,2,2,quận 7
4.95,86,3,2,quận 7
3.7,69.19,2,2,quận 7
3.5,66,2,2,quận 7
3.7,66.66,2,2,quận 7
3.05,53,2,1,quận 7
3.7,66.66,2,2,quận 7
3.7,73,2,2,quận 7
3.7,73.49,2,2,quận 7
3.7,73.49,2,2,quận 7
3.7,73.49,2,2,quận 7
3.5,67.37,2,2,quận 7
3.9,74,2,2,quận 7
3.7,66.66,2,2,quận 7
3.7,66.66,2,2,quận 7
3.6,66.66,2,2,quận 7
3.7,69.19,2,2,quận 7
3.7,66.66,2,2,quận 7
3.7,66.66,2,2,quận 7
3.7,69.19,2,2,quận 7
3.05,53.67,1,1,quận 7
3.05,53.2,1,1,quận 7
3.7,67.61,2,2,quận 7
3.05,65,2,2,quận 2
3.05,60,2,2,quận 2
4.4,70,2,2,nhà bè
4.4,69.16,2,2,nhà bè
4.4,69.18,2,2,nhà bè
4.4,70,2,2,nhà bè
4.4,69.18,2,2,nhà bè
4.4,70.45,2,2,nhà bè
4.2,69.16,2,2,nhà bè
4.3,69.42,2,2,nhà bè
4.4,69.16,2,2,nhà bè
4.4,70.45,2,2,nhà bè
4.4,70,2,2,nhà bè
4.4,70.96,2,2,nhà bè
4.4,70.45,2,2,nhà bè
4.4,71.03,2,2,nhà bè
4.4,70,2,2,nhà bè
4.4,70,2,2,nhà bè
4.4,69.5,2,2,nhà bè
4.4,70,2,2,nhà bè
4.4,70,2,2,nhà bè
4.4,70,2,2,nhà bè
4.4,70,2,2,nhà bè
4.4,69.11,2,2,nhà bè
4.4,70.96,2,2,nhà bè
4.4,70,2,2,nhà bè
4.4,69.16,2,2,nhà bè
4.4,69.36,2,2,nhà bè
4.4,70.45,2,2,nhà bè
4.4,71,2,2,nhà bè
4.4,70,2,2,nhà bè
4.4,70,2,2,nhà bè
4.4,70.68,2,2,nhà bè
5.2,71.03,2,2,nhà bè
5.4,95,3,2,nhà bè
5.4,83,3,2,nhà bè
23.5,148.7,3,3,quận 2
24,127,3,2,quận 2
5.2,70,2,2,nhà bè
5,71,1,2,nhà bè
4.9,69.5,2,2,nhà bè
4.7,69.19,2,2,nhà bè
4.7,70.96,2,2,nhà bè
4.8,69.5,2,2,nhà bè
4.4,69.19,2,2,nhà bè
4.4,70,2,2,nhà bè
4.4,70,2,2,nhà bè
4.4,69.15,2,2,nhà bè
4.5,69.19,2,2,nhà bè
4.5,70,2,2,nhà bè
5.3,70.61,2,2,nhà bè
4.5,70.68,2,2,nhà bè
4,55.3,2,1,quận 7
7.5,92,2,2,quận 7
5.3,83.42,3,2,nhà bè
2.3,36,1,1,quận 9
2.39,59,2,2,bình chánh
9.6,86,3,2,quận 2
7.3,100,3,2,quận 9
2.35,59,2,1,quận 9
2.2,60,2,2,quận 2
4.65,71.3,2,2,nhà bè
9.1,84.66,2,2,quận 2
9.5,88,2,2,quận 2
12.8,124,3,2,quận 2
7.5,71.42,2,2,nhà bè
73.9,207.07,3,3,quận 2
21,105,3,2,quận 1
4.7,93,2,2,quận 9
5.7,108,3,2,quận 9
5.9,108,3,2,quận 9
25,162,2,2,quận 2
23.7,200,3,2,quận 2
33.5,104,3,2,quận 2
17.5,69,2,2,quận 2
32.5,111,3,2,quận 2
17.5,70,2,2,quận 2
18,102,3,2,quận 2
19.2,69,2,2,quận 2
22,71.2,2,2,quận 2
17.5,83,2,2,quận 2
2.75,69,2,2,quận 9
15.9,102,2,2,quận 2
4.8,92,3,2,quận 9
68,138,3,2,quận 2
2,47,1,1,quận 9
1.95,47,1,1,quận 9
2.03,47,1,1,quận 9
2.2,47,1,1,quận 9
3.5,82,3,2,quận 9
4.4,92,3,2,quận 9
4.6,92,3,2,quận 9
5,92,3,2,quận 9
4.85,92,3,2,quận 9
5,103,3,2,quận 9
5,103,3,2,quận 9
7.8,70,2,2,quận 2
8.8,112,3,2,quận 2
14.5,96,3,2,bình thạnh
27,140,3,3,quận 2
10.1,50,1,1,quận 2
17,102,3,3,quận 2
15.6,86,2,2,quận 2
13.5,80,1,1,quận 2
30,152,3,3,quận 2
12,59.22,1,1,quận 2
15.45,55,1,1,quận 2
9.1,65,1,1,quận 2
32,120,3,3,quận 2
30,151,3,3,quận 2
45,151,3,3,quận 2
9.3,57,1,1,quận 2
23.5,71,2,2,quận 2
15.7,86,2,2,quận 2
12.75,83.6,2,2,quận 2
17,71,2,2,quận 2
17,116,3,3,quận 1
85,286,3,4,quận 2
135,340,8,6,quận 2
135,340,8,6,quận 2
30.5,127,3,2,quận 2
2.75,69,2,2,quận 9
7.5,70.2,2,2,bình thạnh
8.6,76.8,2,2,bình thạnh
9,87,2,2,bình thạnh
5.5,73,2,2,quận 9
5.5,58,1,1,quận 2
12.5,117,3,2,quận 2
14.7,137,3,2,quận 2
25,220,4,3,quận 2
42,191,4,3,quận 2
12.8,118,3,2,quận 2
21.5,77,2,2,quận 2
59,137,3,2,quận 2
25.5,77,2,2,quận 2
10,60,1,1,quận 2
19.5,71,2,2,quận 2
20.6,80,2,2,quận 2
45,170,4,3,quận 2
15.5,108,3,2,bình thạnh
15.9,108,3,2,bình thạnh
10,89,2,2,quận 2
7.5,50.7,1,1,quận 2
3.25,53.8,1,1,quận 9
3.25,53.8,1,1,quận 9
15,85.37,2,2,quận 2
4.9,105.7,3,2,quận 9
5.4,53.7,1,1,bình thạnh
14,115,3,2,bình thạnh
13.1,116,3,2,bình thạnh
10.8,112,2,2,quận 2
2.65,69.2,2,2,quận 9
2.6,59,2,1,quận 9
14,108.7,3,2,bình thạnh
8.8,71.7,1,1,quận 2
7.05,48.2,1,1,quận 2
39,175,2,2,quận 2
9.6,88,2,2,quận 2
3.1,69,2,2,quận 9
4.7,75,2,2,quận 9
3.9,67.4,2,2,quận 9
2.1,47.1,1,1,quận 9
2.85,82,3,2,quận 9
4.35,54.33,2,1,quận 9
3.8,71.45,2,2,quận 9
100,530,4,6,quận 2
10.9,93,3,2,quận 2
3.25,50,1,1,quận 9
2.75,69,2,2,quận 9
2.55,48.4,1,1,quận 9
10.25,80.3,2,2,quận 2
2.3,52.2,1,1,bình chánh
9,75.84,2,2,quận 2
3.6,69,2,2,quận 9
4.65,67.32,2,2,quận 9
4.44,70,2,2,quận 7
23,150,4,3,bình thạnh
4.3,67,2,2,tân phú
6.35,59,2,2,quận 2
7.1,65,2,2,quận 2
28,188,4,3,bình thạnh
32,84,2,2,quận 2
4.8,71.42,2,2,nhà bè
9,90,2,2,quận 2
13.8,117,3,2,quận 2
4.8,79.8,2,2,quận 9
12,103.4,3,2,quận 2
4.35,75,2,2,quận 9
4.35,74,2,2,quận 9
3.25,69,2,2,quận 9
3.28,69,2,2,quận 9
4.5,81.5,3,2,quận 9
4.2,74.15,2,2,quận 9
10,50,1,1,quận 2
17.5,80.9,2,2,quận 2
3.65,44,1,1,quận 7
11.11,80,2,2,bình thạnh
5.5,92.5,2,2,tân phú
5.4,92,3,2,quận 9
7.17,65,2,2,quận 2
7.35,69,2,2,quận 2
7,72,2,2,quận 2
9.18,100,3,2,quận 9
25,184,3,2,quận 2
5.8,56,1,1,quận 2
13.6,119,3,2,quận 2
9.2,90,2,2,quận 2
23,217,3,2,quận 2
13,119,3,2,quận 2
10,98,2,2,quận 2
13,94,3,2,bình thạnh
12.2,95,3,2,bình thạnh
11.3,111,3,2,bình thạnh
13.2,116,3,2,bình thạnh
9.25,77.1,2,2,quận 2
26,155,4,3,bình thạnh
11.9,108.7,3,2,bình thạnh
16.6,126,3,2,bình thạnh
13.9,114.4,3,2,bình thạnh
13.5,116,3,2,bình thạnh
13.5,100,3,2,bình thạnh
15,98.3,3,2,bình thạnh
11.2,159.7,3,3,quận 7
9.8,75,2,2,quận 2
15.7,104,3,2,quận 2
9.71,71.67,2,2,quận 2
6.5,50.68,1,1,quận 2
7.9,73,2,2,quận 2
11.8,119,3,2,quận 2
6.7,89,2,2,quận 2
10.8,112,2,2,quận 2
4.78,47,1,1,quận 2
12,117.93,2,2,quận 2
5.1,47.75,1,1,quận 2
5,45,1,1,quận 2
6,68,2,2,quận 2
6,65.8,2,2,quận 2
13.5,109,2,2,bình thạnh
7.2,82,2,2,bình thạnh
10.8,116,3,2,bình thạnh
10.8,106,3,2,bình thạnh
11.3,108,3,2,bình thạnh
12,106,3,2,bình thạnh
13.1,123,3,2,bình thạnh
6.5,87,2,2,quận 2
11.8,117,3,2,quận 2
28.5,121,3,2,quận 1
27,155,4,3,bình thạnh
14,154,3,2,quận 2
15.9,136,3,2,bình thạnh
2.95,69,2,2,quận 9
23,104.9,3,2,quận 1
13.5,28,1,1,bình thạnh
6.75,87,2,2,quận 2
54,138,3,2,quận 2
2.28,59,2,1,quận 9
2.48,67,2,2,quận 9
2.75,59,2,2,quận 9
2.29,59.2,2,1,quận 9
2.88,65.5,2,2,quận 9
6.87,55,1,1,quận 2
9.5,123,3,2,quận 2
24.12,220,3,4,quận 2
27.5,325,3,4,quận 2
35.2,324,3,5,quận 2
10,106,3,2,quận 2
9.39,103,2,2,quận 2
9.5,110,3,2,quận 2
17.3,75,2,2,quận 2
31,123,3,2,quận 1
17.8,79,2,2,quận 1
13,98,2,2,bình thạnh
31,78.22,2,2,quận 1
2.8,61.4,2,2,quận 9
65,137,3,2,quận 2
4.4,75,2,2,quận 9
3.9,82,3,2,quận 9
3,59.2,2,2,quận 9
2.78,59,2,2,quận 9
3.2,69.2,2,2,quận 9
2.7,59.2,2,2,quận 9
2.35,59,2,1,quận 9
2.68,69.3,2,2,quận 9
3.3,53.91,1,1,quận 9
2.3,59,2,1,quận 9
2.35,59,2,1,quận 9
2.48,59,2,1,quận 9
2.45,59,2,1,quận 9
2.5,59,2,1,quận 9
2.9,59,2,2,quận 9
3.2,59.2,2,2,quận 9
4.5,82.3,3,2,quận 9
4.5,82.3,3,2,quận 9
8,80,2,2,bình thạnh
7.5,79.1,2,2,bình thạnh
2.75,70,2,2,quận 9
2.7,69.2,2,2,quận 9
2.7,69,2,2,quận 9
2.65,69.3,2,2,quận 9
2.35,59,2,1,quận 9
2.25,58,2,1,quận 9
2.2,60,2,1,quận 9
3.99,72,2,2,quận 9
2.03,47.2,1,1,quận 9
2.8,63,1,1,quận 9
9.7,75.2,2,2,quận 2
3.65,44,1,1,quận 7
4.65,71.42,2,2,nhà bè
5.4,104,3,3,quận 9
7.8,55.06,1,1,quận 2
8.05,74,2,2,quận 2
2.9,69,2,2,quận 9
4.3,63,2,2,quận 9
8.19,96.98,3,2,quận 9
5.56,71.89,2,2,quận 9
8.34,95.66,3,2,quận 9
3.51,50.92,1,1,quận 9
5.4,71.86,2,2,quận 9
14,94,3,2,quận 1
4.28,70.61,2,2,quận 9
3.15,53.91,1,1,quận 9
8.5,72.31,2,2,quận 9
6.7,72.86,2,2,quận 9
6.7,99.38,3,2,quận 9
3.6,54,1,1,quận 9
7.5,99,3,2,quận 9
5.7,74,2,2,quận 9
3.2,69,2,2,quận 9
5.2,81.5,3,2,quận 9
2.8,59,2,1,quận 9
2.1,47.1,1,1,quận 9
2.55,67.6,2,2,quận 9
2.3,47.1,1,1,quận 9
5,76,3,2,quận 9
2.75,69,2,2,quận 9
3.5,51.25,1,1,quận 9
9,99.37,3,2,quận 9
5.2,70,2,2,quận 9
4.64,73.52,2,2,quận 9
4.3,71.67,2,2,quận 9
6.92,96.45,3,2,quận 9
2.42,59.1,2,1,quận 9
2.4,51.7,1,1,quận 9
1.57,33.8,1,1,quận 9
2.85,69,2,2,quận 9
2.2,59.1,2,1,quận 9
3.25,69,2,2,quận 9
3.1,69.2,2,2,quận 9
2.19,46.7,1,1,quận 9
2.2,51.7,1,1,quận 9
3,69.2,2,2,quận 9
4.35,93,2,2,quận 9
3.35,69.2,2,2,quận 9
4.85,70.62,2,2,quận 9
6,74,2,2,quận 9
4,74.39,2,2,quận 9
5.5,76.15,2,2,quận 9
5.2,67.32,2,2,quận 9
6.2,96.45,3,2,quận 9
3.7,74.81,1,1,quận 9
4.52,74.4,2,2,quận 9
3.3,53.91,1,1,quận 9
8.6,97.43,3,2,quận 9
4.8,51.24,1,1,quận 9
4.5,71.67,2,2,quận 9
4.4,74,2,2,quận 9
7.78,97,3,2,quận 9
4.5,70,2,2,quận 9
4.45,52,1,1,quận 9
4.1,71.67,2,2,quận 9
5.2,73.91,2,2,quận 9
5.02,72.05,2,2,quận 9
5.1,72,2,2,quận 9
2.9,56.5,2,1,quận 9
23,140,3,2,quận 2
2.2,46,2,1,gò vấp
3.5,53.21,1,1,quận 9
5,74.68,2,2,quận 9
6.7,97.5,3,2,quận 9
15,84,2,2,quận 2
6.85,75,2,2,quận 2
4.5,73.93,2,2,quận 9
7,100,3,2,quận 9
5.3,67,2,2,quận 9
3.4,51,1,1,quận 9
2.6,67.5,2,2,quận 9
2.2,59,2,1,quận 9
4.4,67.6,2,2,quận 9
4.3,72.18,2,2,quận 9
5.5,74.36,2,2,quận 9
3,75,3,3,quận 9
4.9,81.5,3,2,quận 9
4.5,93,3,2,quận 9
2.65,43,1,1,quận 9
8.4,76.8,2,2,quận 2
8.5,75.4,2,2,quận 2
3.2,67.8,2,2,quận 9
13,94,2,2,quận 2
5.7,67,2,2,quận 9
3.5,82.4,3,2,quận 9
3.5,69,2,2,quận 9
2.3,59,2,1,quận 9
3.09,81.3,3,2,quận 9
8.4,71.7,2,2,quận 2
8.22,51.7,1,1,quận 2
4.15,74,2,2,quận 9
47,202,4,4,quận 2
16.52,71,2,2,quận 2
18,80,2,2,quận 2
8.17,77.1,2,2,quận 2
10.8,96.4,3,2,quận 2
7.8,71.7,2,2,quận 2
7,71.7,2,2,quận 2
7.8,71.7,2,2,quận 2
6,52.7,1,1,quận 2
7.5,74.2,2,2,quận 2
8.5,76.8,2,2,quận 2
8.4,72.6,2,2,quận 2
5.85,49.4,1,1,quận 2
11,96.4,3,2,quận 2
8.8,72.6,2,2,quận 2
7.25,71.7,2,2,quận 2
7.8,71.7,2,2,quận 2
6,49.4,1,1,quận 2
6.5,49.4,1,1,quận 2
7.8,71.7,2,2,quận 2
3.91,89.12,3,2,thủ đức
4.2,80,3,2,thủ đức
3.59,80,3,2,thủ đức
5,103.6,3,2,quận 9
5.6,48.2,1,1,quận 2
7.8,73.2,2,2,quận 2
8.5,73.2,2,2,quận 2
7,68.9,2,2,quận 2
6,51.7,1,1,quận 2
8,73.2,2,2,quận 2
8.2,73.2,2,2,quận 2
11.5,95.3,3,2,quận 2
13,93.2,3,2,quận 2
8.7,71.7,2,2,quận 2
13.8,95.7,3,2,quận 2
8.7,71.7,2,2,quận 2
12.5,101.1,3,2,quận 2
12.9,95.7,3,2,quận 2
12,73.8,2,2,quận 2
9.8,71.7,2,2,quận 2
12,71.7,2,2,quận 2
8.6,77.1,2,2,quận 2
8.3,73.8,2,2,quận 2
11,93.2,3,2,quận 2
11.2,101.1,3,2,quận 2
8.3,76.2,2,2,quận 2
7.1,68.9,2,2,quận 2
1.65,64,1,1,quận 7
3.52,58.9,2,2,quận 9
4.2,69.2,2,2,quận 9
4.85,103.6,3,2,quận 9
3.25,69,2,2,quận 9
3,59.2,2,2,quận 9
3.2,69.2,2,2,quận 9
4.35,69.5,2,2,quận 9
4,82.3,3,2,quận 9
2.4,47,1,1,quận 9
3.05,69,2,2,quận 9
3.4,59.2,2,14,quận 9
3.9,85.2,2,2,quận 9
3.4,62.5,2,2,quận 9
3.85,81.5,3,2,quận 9
3.9,82,3,2,quận 9
4,81.5,3,2,quận 9
8,46.11,1,1,quận 2
20,70,2,2,quận 2
8,72.8,2,2,quận 2
9,76.2,2,2,quận 2
12,93.2,3,2,quận 2
8.5,71.7,2,2,quận 2
6.8,68.9,2,2,quận 2
5.4,48.2,1,1,quận 2
7.5,73.2,2,2,quận 2
9,76.2,2,2,quận 2
8.4,73.1,2,2,quận 2
7.7,72.8,2,2,quận 2
7.2,68.9,2,2,quận 2
9,73.8,2,2,quận 2
5.9,48.2,1,1,quận 2
8.4,76.2,2,2,quận 2
5.1,48.2,1,1,quận 2
13,95.7,3,2,quận 2
7.8,73.2,2,2,quận 2
8.77,71.7,2,2,quận 2
10,97.45,3,2,quận 9
5.9,97.5,3,2,quận 9
3,50.07,1,1,quận 9
5.1,70.6,2,2,quận 9
4.89,73.88,2,2,quận 9
19.7,80,2,2,quận 2
6.73,52.7,1,1,quận 2
2.3,74,2,2,nhà bè
2,28.6,1,1,quận 9
25,63.12,1,1,quận 1
7.25,74.2,2,2,quận 2
5.5,52.7,1,1,quận 2
7.2,72.6,2,2,quận 2
8.6,75,2,2,quận 2
8,74.2,2,2,quận 2
7.4,74.2,2,2,quận 2
8.8,76.8,2,2,quận 2
7.8,76.8,2,2,quận 2
5.65,49.4,1,1,quận 2
12.8,96.4,3,2,quận 2
16,95.6,3,2,quận 2
7.8,75.4,2,2,quận 2
9.9,75,2,2,quận 2
12.5,96.4,3,2,quận 2
10.1,95.6,3,2,quận 2
9,76.8,2,2,quận 2
8.7,75.4,2,2,quận 2
7.2,81.5,2,2,quận 4
3.5,81.3,3,2,quận 9
2.1,51.4,1,1,quận 9
2.8,74,2,2,quận 8
2.9,58.5,1,1,quận 9
3.3,81.3,3,2,quận 9
2.4,70.1,2,2,quận 9
2.9,70,2,2,quận 9
2.35,58.5,2,1,quận 9
2.05,47,1,1,quận 9
2.5,58.5,2,1,quận 9
3.3,69.4,2,2,quận 9
2.6,59,2,2,quận 9
3.4,81.7,3,2,quận 9
2.6,69,2,2,quận 9
7.3,99.37,3,2,quận 9
9.3,74,2,2,quận 2
7,55,1,1,quận 2
6.4,64.6,2,2,quận 2
1.77,54.1,2,1,bình chánh
80,292,5,4,quận 2
1.8,46.5,1,1,quận 9
2.3,61.5,2,2,quận 9
1.95,46.5,1,1,quận 9
2.85,69.3,2,2,quận 9
2.7,67,2,2,quận 9
4.1,81.7,3,1,quận 9
2.75,69,2,2,quận 9
1.98,47.2,1,1,quận 9
1.65,47,1,1,quận 9
2.2,59.1,2,1,quận 9
2.38,59.1,2,1,quận 9
2.68,69.2,2,2,quận 9
1.37,30.9,1,1,quận 9
1.9,46.7,1,1,quận 9
2.9,69.2,2,2,quận 9
1.9,51.7,1,1,quận 9
2.8,69,2,2,quận 9
1.25,30,1,1,quận 9
2.3,59,2,1,quận 9
2.7,69.4,2,2,quận 9
3.1,70,2,2,quận 9
2.65,69,2,2,quận 9
11.5,55,1,1,quận 2
2.3,67.6,2,2,quận 9
2.8,67.6,2,2,quận 9
2.55,69,2,2,quận 9
3.97,78.9,2,2,quận 9
3.2,48.7,1,1,quận 9
3.3,81.7,3,2,quận 9
2.85,69.3,2,2,quận 9
2.8,69.4,2,2,quận 9
3,69,3,2,quận 9
2.9,67.8,2,2,quận 9
2.86,69.2,2,2,quận 9
2.5,59.1,2,1,quận 9
2.8,69,2,2,quận 9
20,104,2,2,quận 1
18,70.57,2,2,quận 2
25,127,3,2,quận 2
15,83,2,2,quận 2
3.5,48.7,1,1,quận 9
4.16,48.7,1,1,quận 9
3.58,48.7,1,1,quận 9
3.5,49,1,1,quận 9
3.34,48.9,1,1,quận 9
2.9,28.6,1,1,quận 9
4.3,49,1,1,quận 9
3.35,48.7,1,1,quận 9
3.3,48.7,1,1,quận 9
2.21,28.6,1,1,quận 9
2.95,29.5,1,1,quận 9
3,66.5,2,2,quận 9
8,63.8,1,1,quận 2
20,127.03,3,2,quận 2
5.4,72,2,2,quận 2
2.48,59.1,2,1,quận 9
3.4,69,2,2,quận 9
3,69.3,2,2,quận 9
2.8,68,2,2,quận 9
2.3,59.1,2,1,quận 9
2.4,61.5,2,2,quận 9
2.85,67.5,2,2,quận 9
2.7,69,2,2,quận 9
2.9,69.4,2,2,quận 9
2.05,59,2,1,quận 9
1.78,46.5,1,1,quận 9
2.1,47,1,1,quận 9
2.58,58.9,2,2,quận 9
2.5,59,2,1,quận 9
8.8,102,2,2,quận 2
3.2,69.2,2,2,quận 9
2.5,67.6,2,2,quận 9
2.55,59,2,1,quận 9
2.8,67,2,2,nhà bè
24,127,3,2,quận 2
2.2,59,2,1,quận 9
2.7,47.1,1,1,quận 9
2.06,46,1,1,quận 9
3.31,81.7,3,2,quận 9
3,48.5,1,1,quận 9
3.43,48.7,1,1,quận 9
0.362,58,2,1,bình chánh
1.4,55,3,2,bình chánh
0.9,25,1,1,bình chánh
1.87,55,2,2,bình chánh
2.9,59,2,2,bình chánh
2.1,59,2,2,bình chánh
4.8,65,3,2,bình chánh
4.55,78,2,2,bình chánh
3.9,59.8,2,1,bình chánh
1.45,60,2,2,bình chánh
1.07,55,2,2,bình chánh
1.1,51,2,2,bình chánh
9.7,200,4,2,bình chánh
1,43,2,1,bình chánh
2.23,59,2,2,bình chánh
2.66,59,2,2,bình chánh
2.621,60,2,2,bình chánh
2.58,60,2,2,bình chánh
5,78,2,2,bình chánh
3.18,69,2,3,bình chánh
1.98,48,2,2,gò vấp
1.94,48,2,2,gò vấp
2,53,2,2,gò vấp
2,50,2,1,gò vấp
2.3,50,2,2,gò vấp
1.88,47,2,3,gò vấp
1.91,48,2,2,gò vấp
1.9,48,2,2,gò vấp
2.7,25,2,1,gò vấp
7.1,47,2,2,gò vấp
6.67,75,4,5,gò vấp
9.5,60,4,5,gò vấp
9.5,78,4,4,gò vấp
8.3,51,4,5,gò vấp
9.11,60,4,4,gò vấp
12,140,4,5,gò vấp
6,70,2,3,phú nhuận
6.9,83,2,1,phú nhuận
6.5,78,2,1,phú nhuận
28,154,3,3,phú nhuận
3.29,54,3,2,phú nhuận
12.1,125,3,2,phú nhuận
6.2,70,2,2,phú nhuận
6.8,83,2,2,phú nhuận
6.6,78,2,2,phú nhuận
28.2,154,3,2,phú nhuận
3.29,54,3,3,phú nhuận
3.3,125,3,2,phú nhuận
3.9,65,2,1,quận 12
11,102,2,3,quận 12
2.45,50,2,3,quận 12
2.75,65,2,3,quận 12
2.6,54,2,2,quận 12
3.6,71,2,2,quận 12
3.9,65,2,2,quận 12
